state	start_probability
0	0.10260840045278598
1	0.24023521711819174
2	0.0791551647210344
3	0.19695233842980622
4	0.06619036017307577
5	0.27276480490573085
6	0.04209371419937507
