state	probability	speed_micron_per_s	abs_turn_angle_deg	positive_turn_probability	n_observations
0	0.001	1.385451363709292	0.01545832570735676	0.5	561345
0	0.0019979999999999998	2.6255290089808754	0.04298945620092945	0.5	561345
0	0.002996	3.5381200670975743	0.07188557710028315	0.5	561345
0	0.003994	4.344857337076286	0.09860445247712561	0.5	561345
0	0.004992	4.980523198226259	0.12711484649309898	0.5	561345
0	0.00599	5.5656630254527135	0.15568723282333702	0.5	561345
0	0.006988	6.194878696070282	0.18421791683182437	0.5	561345
0	0.007986	6.76779872106329	0.21386687614042918	0.5	561345
0	0.008983999999999999	7.322766975314631	0.24236471191682493	0.5	561345
0	0.009982000000000001	7.881419768388318	0.2706742885986269	0.5	561345
0	0.01098	8.389882958879012	0.3018136797175169	0.5	561345
0	0.011977999999999999	8.869480522053232	0.33025095052755155	0.5	561345
0	0.012976000000000001	9.364420830038162	0.3605629072471278	0.5	561345
0	0.013974	9.856099567654402	0.3876686966519643	0.5	561345
0	0.014972	10.30747250320428	0.41745066762391553	0.5	561345
0	0.015969999999999998	10.79201761227418	0.4468268810601394	0.5	561345
0	0.016968	11.25075421019549	0.4748030462619476	0.5	561345
0	0.017966	11.738796334609411	0.5023426586687718	0.5	561345
0	0.018964	12.209855195056312	0.5313262333274383	0.5	561345
0	0.019962	12.664388249586215	0.5586620146125003	0.5	561345
0	0.02096	13.10882306327332	0.5871723920146733	0.5	561345
0	0.021958000000000002	13.524343558070198	0.6170533464584314	0.5	561345
0	0.022956	13.996066785520762	0.6459227348957475	0.5	561345
0	0.023954	14.422346046254033	0.6764446498084804	0.5	561345
0	0.024952000000000002	14.858004879282634	0.7070253454913247	0.5	561345
0	0.02595	15.278718059734269	0.7381037187274879	0.5	561345
0	0.026948	15.709919406203882	0.7674981864329053	0.5	561345
0	0.027946	16.15930223533324	0.7974253722349424	0.5	561345
0	0.028944	16.5734530655239	0.8265592148661963	0.5	561345
0	0.029942	16.990892740145167	0.8571019973678556	0.5	561345
0	0.03094	17.448574805680334	0.8849095824885622	0.5	561345
0	0.031938	17.85533448573489	0.9154274928920947	0.5	561345
0	0.032936	18.278695666042086	0.946897834497613	0.5	561345
0	0.033934	18.687912283571098	0.977101221526733	0.5	561345
0	0.034932	19.114364378540095	1.0056439080831532	0.5	561345
0	0.03593	19.50805817329219	1.0353505775554115	0.5	561345
0	0.036928	19.92222808992649	1.0650513440162137	0.5	561345
0	0.037926	20.35857368355742	1.0953077438579586	0.5	561345
0	0.038924	20.784509021174696	1.1247203604042202	0.5	561345
0	0.039922	21.180082371779314	1.1553934183264303	0.5	561345
0	0.04092	21.56992430557529	1.1827419395023255	0.5	561345
0	0.041918	21.96708226994423	1.212012268340031	0.5	561345
0	0.042916	22.34786090518691	1.2417056545768494	0.5	561345
0	0.043914	22.756321835113393	1.2711290244039912	0.5	561345
0	0.044912	23.148041696312372	1.300243185933673	0.5	561345
0	0.04591	23.534858483383665	1.3296975613229298	0.5	561345
0	0.046908	23.940151113764735	1.3583148771748002	0.5	561345
0	0.047906	24.32771244924411	1.38868458400214	0.5	561345
0	0.048904	24.705892014681677	1.4175827571432118	0.5	561345
0	0.049902	25.08073108970921	1.4479082355396098	0.5	561345
0	0.0509	25.438601718818596	1.476590814208884	0.5	561345
0	0.051898	25.84499348054684	1.5063816133575991	0.5	561345
0	0.052896	26.223670137223866	1.5365772203812433	0.5	561345
0	0.053894	26.579589717885604	1.5659910752451256	0.5	561345
0	0.054891999999999996	26.953359703992685	1.5944297821967626	0.5	561345
0	0.05589	27.33765245052131	1.6259665624599167	0.5	561345
0	0.056888	27.71248213648644	1.655470716400735	0.5	561345
0	0.057886	28.081263308021757	1.6854915412173213	0.5	561345
0	0.058884	28.4521875158997	1.7160826524353798	0.5	561345
0	0.059882	28.824951913635804	1.7451567616598342	0.5	561345
0	0.06088	29.19440453158931	1.7746597259151544	0.5	561345
0	0.061878	29.53342957009054	1.8052808960849351	0.5	561345
0	0.062876	29.899028080428025	1.8337330491487198	0.5	561345
0	0.063874	30.26393017788696	1.863940745383082	0.5	561345
0	0.064872	30.623119703387694	1.895678652717938	0.5	561345
0	0.06587	30.981201295318353	1.9257581914300101	0.5	561345
0	0.066868	31.33979091152691	1.9552464279963184	0.5	561345
0	0.067866	31.702129780921002	1.985738110433695	0.5	561345
0	0.068864	32.05394929562589	2.0153979645040385	0.5	561345
0	0.069862	32.38305645468938	2.045133994934682	0.5	561345
0	0.07085999999999999	32.73354153764468	2.0734770356531964	0.5	561345
0	0.071858	33.06094330450671	2.1014713197117394	0.5	561345
0	0.072856	33.413752188510585	2.130529431132773	0.5	561345
0	0.073854	33.74106069536007	2.161701670671225	0.5	561345
0	0.074852	34.10804845451571	2.192173417126231	0.5	561345
0	0.07585	34.428792330577956	2.221148892596823	0.5	561345
0	0.076848	34.74994960300126	2.251872835737445	0.5	561345
0	0.077846	35.057773571997394	2.2802373376089875	0.5	561345
0	0.078844	35.38053525286952	2.310550727689335	0.5	561345
0	0.079842	35.72135791956204	2.3402976482643174	0.5	561345
0	0.08084	36.05454069580032	2.368651156870452	0.5	561345
0	0.081838	36.38166505798637	2.398151480017935	0.5	561345
0	0.08283599999999999	36.74384389955869	2.4258640583063578	0.5	561345
0	0.08383399999999999	37.06292457079572	2.4553902681351714	0.5	561345
0	0.084832	37.38490426127127	2.4848200190225334	0.5	561345
0	0.08583	37.70462126520978	2.5134065050497614	0.5	561345
0	0.086828	38.01745725157676	2.5440778874938235	0.5	561345
0	0.087826	38.384065897340335	2.5731944817913206	0.5	561345
0	0.088824	38.71117099017508	2.6037010964033587	0.5	561345
0	0.089822	39.030971563720136	2.6332049757375278	0.5	561345
0	0.09082	39.372647454461486	2.664269457027069	0.5	561345
0	0.091818	39.71826478895668	2.6948386006264564	0.5	561345
0	0.092816	40.04370267238445	2.7233763941582665	0.5	561345
0	0.093814	40.371062996759235	2.753292290419407	0.5	561345
0	0.094812	40.70774214595867	2.7825947843473666	0.5	561345
0	0.09580999999999999	41.033685861121775	2.812729141890527	0.5	561345
0	0.096808	41.3599046722671	2.8424141467927044	0.5	561345
0	0.097806	41.663063012419684	2.871680509806109	0.5	561345
0	0.098804	41.984998577267795	2.9018295377309804	0.5	561345
0	0.099802	42.31184030752202	2.9308261568662255	0.5	561345
0	0.1008	42.65998938326321	2.95995981041323	0.5	561345
0	0.101798	42.985411414807224	2.9895319996913607	0.5	561345
0	0.102796	43.30027247798665	3.018380252135882	0.5	561345
0	0.103794	43.61428908111294	3.0494764809987385	0.5	561345
0	0.104792	43.91132197102674	3.078467151097257	0.5	561345
0	0.10579	44.201240448330054	3.109120642980967	0.5	561345
0	0.106788	44.50785350331006	3.1370436546694553	0.5	561345
0	0.10778599999999999	44.82604890726804	3.168325006342992	0.5	561345
0	0.10878399999999999	45.12414076785968	3.199360370847261	0.5	561345
0	0.109782	45.40437532016565	3.229159576754407	0.5	561345
0	0.11078	45.70964064696954	3.2585812974895574	0.5	561345
0	0.111778	46.01582196666412	3.2871859005493067	0.5	561345
0	0.112776	46.32565043050182	3.3170785767700055	0.5	561345
0	0.113774	46.61733052114081	3.347435591570975	0.5	561345
0	0.114772	46.914400662980206	3.3765591656233025	0.5	561345
0	0.11577	47.20909849402579	3.405714214562009	0.5	561345
0	0.116768	47.53151288049164	3.4344579853076627	0.5	561345
0	0.117766	47.841037726919744	3.4647607044451214	0.5	561345
0	0.118764	48.17672345436923	3.4961102059183222	0.5	561345
0	0.119762	48.47062239230092	3.5246749040195477	0.5	561345
0	0.12075999999999999	48.79010614564392	3.552797438510012	0.5	561345
0	0.12175799999999999	49.081060288392464	3.5842439434856153	0.5	561345
0	0.122756	49.38061457369513	3.6139608982778397	0.5	561345
0	0.123754	49.66789830341396	3.644908900817753	0.5	561345
0	0.124752	49.96022450357675	3.673937619272208	0.5	561345
0	0.12575	50.262088409691806	3.7040884468871584	0.5	561345
0	0.126748	50.545755757087306	3.734575817748326	0.5	561345
0	0.127746	50.82529664779249	3.7645107091900214	0.5	561345
0	0.128744	51.116493123237284	3.7927697963031655	0.5	561345
0	0.129742	51.39258174384964	3.8243368917852916	0.5	561345
0	0.13074	51.698793140055756	3.8544387916289553	0.5	561345
0	0.131738	52.012694820961684	3.8877874342890206	0.5	561345
0	0.132736	52.28777652446323	3.9175470541968322	0.5	561345
0	0.133734	52.568527898478095	3.948306514568446	0.5	561345
0	0.134732	52.841341904250825	3.9803047879176705	0.5	561345
0	0.13573	53.114033398886804	4.009853771980284	0.5	561345
0	0.136728	53.42126589004164	4.040571711842876	0.5	561345
0	0.137726	53.71181618026305	4.071384589013837	0.5	561345
0	0.138724	54.00804107231304	4.10164157847295	0.5	561345
0	0.13972199999999999	54.30427021524851	4.1296530362046955	0.5	561345
0	0.14071999999999998	54.56840481566412	4.159403912230593	0.5	561345
0	0.141718	54.86493327006125	4.1906975752030196	0.5	561345
0	0.142716	55.14372899868603	4.220334429105357	0.5	561345
0	0.143714	55.44368621256039	4.25329313152685	0.5	561345
0	0.144712	55.73728194334779	4.285891355942848	0.5	561345
0	0.14571	56.01635445720524	4.314381811223099	0.5	561345
0	0.146708	56.29014578851134	4.3435912312204605	0.5	561345
0	0.147706	56.551362321887936	4.374861384220933	0.5	561345
0	0.148704	56.839246417218156	4.406439396891078	0.5	561345
0	0.149702	57.13437754021407	4.4359112083304675	0.5	561345
0	0.1507	57.41937368251712	4.465316875763679	0.5	561345
0	0.151698	57.706854756989344	4.496696834178019	0.5	561345
0	0.152696	57.97555137410048	4.52823135535092	0.5	561345
0	0.153694	58.25264018384496	4.556890676599226	0.5	561345
0	0.154692	58.53790825714696	4.58690082525205	0.5	561345
0	0.15569	58.815023292231615	4.619968549307614	0.5	561345
0	0.156688	59.108192635028594	4.649679939986096	0.5	561345
0	0.157686	59.40577650868015	4.680023730926649	0.5	561345
0	0.158684	59.67947548044562	4.710510598916665	0.5	561345
0	0.159682	59.940985626691344	4.741730144223677	0.5	561345
0	0.16068	60.21703479969629	4.7735991352712315	0.5	561345
0	0.161678	60.48675686464602	4.801546295972587	0.5	561345
0	0.162676	60.75684140336451	4.831725498571736	0.5	561345
0	0.163674	61.02019237926365	4.863067022212526	0.5	561345
0	0.16467199999999999	61.29290553869026	4.895731154429422	0.5	561345
0	0.16566999999999998	61.55461156031956	4.924999579395547	0.5	561345
0	0.16666799999999998	61.85606727568236	4.953932232305931	0.5	561345
0	0.167666	62.14201838690108	4.98535613622209	0.5	561345
0	0.168664	62.40585881133357	5.016436483986702	0.5	561345
0	0.169662	62.66013035576806	5.050515599757951	0.5	561345
0	0.17066	62.93342480463838	5.078938527706777	0.5	561345
0	0.171658	63.195911130652	5.108350963864982	0.5	561345
0	0.172656	63.46378486965956	5.138081438927613	0.5	561345
0	0.173654	63.725563100909184	5.16994545118775	0.5	561345
0	0.174652	64.00287575483442	5.2005782558546985	0.5	561345
0	0.17565	64.2466138166094	5.2311857900195635	0.5	561345
0	0.176648	64.49084179241036	5.26377623305308	0.5	561345
0	0.177646	64.76007185436595	5.2946991864715	0.5	561345
0	0.178644	65.01205713297931	5.325758414393685	0.5	561345
0	0.179642	65.2806816783623	5.356982412156224	0.5	561345
0	0.18064	65.5360362617915	5.391853783319104	0.5	561345
0	0.181638	65.81424281474801	5.423551193827255	0.5	561345
0	0.182636	66.06827929781134	5.455267919775546	0.5	561345
0	0.183634	66.32787201191073	5.486914838451709	0.5	561345
0	0.184632	66.5805954491444	5.515667801774902	0.5	561345
0	0.18563	66.84127331040172	5.546725624441879	0.5	561345
0	0.186628	67.11463222330669	5.578430259978141	0.5	561345
0	0.187626	67.38874484605401	5.60719393951435	0.5	561345
0	0.18862399999999999	67.63736146240902	5.638522528938237	0.5	561345
0	0.18962199999999999	67.88008854208849	5.670508296945851	0.5	561345
0	0.19061999999999998	68.14419104935823	5.701873785430328	0.5	561345
0	0.19161799999999998	68.4025672242494	5.733931336260073	0.5	561345
0	0.192616	68.65562643123651	5.764201244660946	0.5	561345
0	0.193614	68.90279800865171	5.792285143671753	0.5	561345
0	0.194612	69.1645399288862	5.8231973778630755	0.5	561345
0	0.19561	69.4079847384237	5.854361125987488	0.5	561345
0	0.196608	69.6413438855474	5.887900225583293	0.5	561345
0	0.197606	69.87036139774757	5.918812380154193	0.5	561345
0	0.198604	70.13730719375111	5.949645089796034	0.5	561345
0	0.199602	70.39567047596336	5.9809030668592635	0.5	561345
0	0.2006	70.63966678448918	6.011537114646213	0.5	561345
0	0.201598	70.89228559367731	6.040962532687386	0.5	561345
0	0.202596	71.15509459632848	6.071856924869914	0.5	561345
0	0.203594	71.41008280761478	6.102827269637571	0.5	561345
0	0.204592	71.64718745080316	6.1345251289700675	0.5	561345
0	0.20559	71.90461193052458	6.166005817833892	0.5	561345
0	0.206588	72.14767040582053	6.196799560048415	0.5	561345
0	0.207586	72.38308457455011	6.229910795462196	0.5	561345
0	0.208584	72.61204790749144	6.261946066123157	0.5	561345
0	0.209582	72.86063668406591	6.294649381396562	0.5	561345
0	0.21058	73.1000318026949	6.3256164247586355	0.5	561345
0	0.211578	73.35569471195885	6.357137414837353	0.5	561345
0	0.212576	73.61120961783857	6.388439373308703	0.5	561345
0	0.21357399999999999	73.8378379991073	6.420809493467681	0.5	561345
0	0.21457199999999998	74.07825204770081	6.451898492031956	0.5	561345
0	0.21556999999999998	74.28598171524884	6.483376703287575	0.5	561345
0	0.21656799999999998	74.52835577368768	6.514071065091206	0.5	561345
0	0.21756599999999998	74.77204902184629	6.548713681403833	0.5	561345
0	0.218564	75.00577792151601	6.583764803302768	0.5	561345
0	0.219562	75.2373051611041	6.617577893082088	0.5	561345
0	0.22056	75.48489310159066	6.651397409617792	0.5	561345
0	0.221558	75.70078719084842	6.681909703820306	0.5	561345
0	0.222556	75.93661920465803	6.712303308756479	0.5	561345
0	0.223554	76.16359099632339	6.746058853075011	0.5	561345
0	0.224552	76.38655765847733	6.778418717093463	0.5	561345
0	0.22555	76.61483332728581	6.80788734678625	0.5	561345
0	0.226548	76.84656379365126	6.8395175544374744	0.5	561345
0	0.227546	77.08442280641314	6.87422911431119	0.5	561345
0	0.228544	77.32767972710282	6.905912838594999	0.5	561345
0	0.229542	77.56753180941553	6.93928625134525	0.5	561345
0	0.23054	77.79987506666765	6.972629925248935	0.5	561345
0	0.231538	78.04751525406941	7.006304208860703	0.5	561345
0	0.232536	78.28781252656061	7.03957381780332	0.5	561345
0	0.233534	78.51668696133436	7.074132884556021	0.5	561345
0	0.234532	78.75418617070288	7.107216812083252	0.5	561345
0	0.23553	78.9772682409566	7.140681856998065	0.5	561345
0	0.236528	79.22141090653946	7.174552010616213	0.5	561345
0	0.237526	79.4403170530201	7.208435012854992	0.5	561345
0	0.23852399999999999	79.67166046422349	7.2406108581541115	0.5	561345
0	0.23952199999999998	79.88794669409002	7.274351263108864	0.5	561345
0	0.24051999999999998	80.11000706633773	7.30888566188436	0.5	561345
0	0.24151799999999998	80.34053851460135	7.340525473626277	0.5	561345
0	0.24251599999999998	80.57262104318649	7.3728165531879055	0.5	561345
0	0.24351399999999998	80.81372919578325	7.406131415927668	0.5	561345
0	0.244512	81.03285862192712	7.438506759465673	0.5	561345
0	0.24551	81.26020419944895	7.4736649514980975	0.5	561345
0	0.246508	81.5026943435802	7.505895902456008	0.5	561345
0	0.247506	81.71394049360512	7.541158642253578	0.5	561345
0	0.248504	81.94610276358192	7.574053273385412	0.5	561345
0	0.249502	82.1796086455599	7.606459291005651	0.5	561345
0	0.2505	82.39422795582358	7.640277559472259	0.5	561345
0	0.251498	82.62574070470599	7.670515433211263	0.5	561345
0	0.252496	82.84246729784374	7.703005350645625	0.5	561345
0	0.253494	83.04655164754028	7.736797419030508	0.5	561345
0	0.254492	83.27512243182385	7.773072867577978	0.5	561345
0	0.25549	83.4733921669221	7.804464919879281	0.5	561345
0	0.256488	83.70158669437939	7.838405670290889	0.5	561345
0	0.257486	83.91158205337446	7.871993898056961	0.5	561345
0	0.258484	84.12903278432513	7.9043814187159365	0.5	561345
0	0.259482	84.34748924585998	7.9379056196304125	0.5	561345
0	0.26048	84.55973598108791	7.973154778756849	0.5	561345
0	0.261478	84.78469917660394	8.007920629391032	0.5	561345
0	0.262476	85.00522595995697	8.040368006678715	0.5	561345
0	0.263474	85.22782787475586	8.076303955016632	0.5	561345
0	0.264472	85.44998846106299	8.111963629156536	0.5	561345
0	0.26547	85.6590775448206	8.146299470024447	0.5	561345
0	0.266468	85.89074056823401	8.182036550824524	0.5	561345
0	0.267466	86.10432992130114	8.219393355204641	0.5	561345
0	0.268464	86.3278225308188	8.25506226070493	0.5	561345
0	0.269462	86.53083877513987	8.290759099561399	0.5	561345
0	0.27046	86.74472607664278	8.325863058447107	0.5	561345
0	0.271458	86.9693666862272	8.362457173169837	0.5	561345
0	0.272456	87.18700044057954	8.397159616593198	0.5	561345
0	0.273454	87.388448625408	8.431212956466423	0.5	561345
0	0.274452	87.61181790459003	8.464821200141822	0.5	561345
0	0.27545	87.81286970515663	8.501632346400369	0.5	561345
0	0.27644799999999997	88.03488410332106	8.53589077829976	0.5	561345
0	0.27744599999999997	88.24777084347244	8.570701329332659	0.5	561345
0	0.27844399999999997	88.4623772254497	8.605749152569858	0.5	561345
0	0.27944199999999997	88.67634508938552	8.642279899986741	0.5	561345
0	0.28043999999999997	88.89329436574424	8.67745250936622	0.5	561345
0	0.28143799999999997	89.10937659923842	8.710415602961458	0.5	561345
0	0.282436	89.32911660698414	8.747279704190573	0.5	561345
0	0.283434	89.53557303963747	8.782471245145324	0.5	561345
0	0.284432	89.73545543838146	8.817693595018254	0.5	561345
0	0.28543	89.94008422445711	8.853228128304156	0.5	561345
0	0.286428	90.15780725943993	8.889625193419358	0.5	561345
0	0.287426	90.35571095506229	8.924236881067282	0.5	561345
0	0.288424	90.56027996462298	8.96159704106921	0.5	561345
0	0.289422	90.78053240321937	8.996061426321761	0.5	561345
0	0.29042	90.9753562424804	9.029026659621646	0.5	561345
0	0.291418	91.18955166470931	9.066538983667861	0.5	561345
0	0.292416	91.39636078238536	9.103445670994619	0.5	561345
0	0.293414	91.60944788115445	9.136017046640692	0.5	561345
0	0.294412	91.8025443832871	9.167529215196593	0.5	561345
0	0.29541	92.01001893727184	9.202566820672669	0.5	561345
0	0.296408	92.2313051546396	9.23893719478922	0.5	561345
0	0.297406	92.42849652523694	9.276398721555017	0.5	561345
0	0.298404	92.63695116868435	9.312482808306871	0.5	561345
0	0.299402	92.84436476198887	9.350433927323543	0.5	561345
0	0.3004	93.04606093517621	9.387280977851086	0.5	561345
0	0.301398	93.2537181991722	9.423765751173036	0.5	561345
0	0.302396	93.46387665750603	9.459594942054816	0.5	561345
0	0.303394	93.65539506060026	9.49589351292646	0.5	561345
0	0.304392	93.85757596527931	9.53259774558122	0.5	561345
0	0.30539	94.05460702212649	9.569262753778403	0.5	561345
0	0.306388	94.24369822496382	9.60560476173531	0.5	561345
0	0.307386	94.45434029524665	9.640427568940131	0.5	561345
0	0.308384	94.65530533140142	9.676159176493119	0.5	561345
0	0.309382	94.86143376814864	9.712322864821147	0.5	561345
0	0.31038	95.06386237676904	9.752766697893845	0.5	561345
0	0.311378	95.25550184654679	9.789504543911264	0.5	561345
0	0.312376	95.45534036405986	9.825844755705258	0.5	561345
0	0.313374	95.65817449886347	9.862973865849145	0.5	561345
0	0.314372	95.85457247918887	9.899999287891353	0.5	561345
0	0.31537	96.04599179885766	9.938704265851994	0.5	561345
0	0.316368	96.23861054716286	9.976930927132866	0.5	561345
0	0.317366	96.44119520728317	10.012722396996411	0.5	561345
0	0.318364	96.63290438612258	10.049101449378679	0.5	561345
0	0.319362	96.82412945501873	10.085753297259421	0.5	561345
0	0.32036	97.01971836864664	10.12543815680714	0.5	561345
0	0.321358	97.21973057282933	10.16149184754583	0.5	561345
0	0.322356	97.42265043914831	10.200196557268585	0.5	561345
0	0.323354	97.60810634426299	10.23762965046786	0.5	561345
0	0.324352	97.79496559952639	10.276127358096147	0.5	561345
0	0.32535	97.97459820305443	10.317106003313592	0.5	561345
0	0.32634799999999997	98.18263217506703	10.357191294934111	0.5	561345
0	0.32734599999999997	98.37589344427548	10.396430928775034	0.5	561345
0	0.32834399999999997	98.56993557914271	10.4359781899678	0.5	561345
0	0.32934199999999997	98.76689024473187	10.475339586471957	0.5	561345
0	0.33033999999999997	98.96107564404753	10.513579477758116	0.5	561345
0	0.33133799999999997	99.13590116416596	10.55351207690919	0.5	561345
0	0.33233599999999996	99.32963851141301	10.59200767712472	0.5	561345
0	0.333334	99.52105842406922	10.634550549235318	0.5	561345
0	0.334332	99.71380729420777	10.674199750214088	0.5	561345
0	0.33533	99.89896679547317	10.713071723739759	0.5	561345
0	0.336328	100.07764457061076	10.752552634464296	0.5	561345
0	0.337326	100.26566256815516	10.792601195208015	0.5	561345
0	0.338324	100.4602801586656	10.831173202095687	0.5	561345
0	0.339322	100.64549291352309	10.8697708999696	0.5	561345
0	0.34032	100.84377533728556	10.910170354423894	0.5	561345
0	0.341318	101.02912673977409	10.950506027814983	0.5	561345
0	0.342316	101.20741518086537	10.98803945750095	0.5	561345
0	0.343314	101.38806590639452	11.028902961974026	0.5	561345
0	0.344312	101.57340570883753	11.066913990368835	0.5	561345
0	0.34531	101.77004372394157	11.106472489320847	0.5	561345
0	0.346308	101.95001257026028	11.14803292906234	0.5	561345
0	0.347306	102.14142900127983	11.185822471590487	0.5	561345
0	0.348304	102.32701398677229	11.226839355278463	0.5	561345
0	0.349302	102.51910937804625	11.265714216940236	0.5	561345
0	0.3503	102.6953404493352	11.309561642026553	0.5	561345
0	0.351298	102.87650912200009	11.349737324398957	0.5	561345
0	0.352296	103.07061332813171	11.392972727388328	0.5	561345
0	0.353294	103.24048190261354	11.435492361665542	0.5	561345
0	0.354292	103.41392869034173	11.475568930624007	0.5	561345
0	0.35529	103.5937344272441	11.518061853250439	0.5	561345
0	0.356288	103.76894646446054	11.559520391843476	0.5	561345
0	0.357286	103.95013207522979	11.602272782703114	0.5	561345
0	0.358284	104.13736161323156	11.641547245990983	0.5	561345
0	0.359282	104.32247143172738	11.680365773333202	0.5	561345
0	0.36028	104.52146112037147	11.721257773228086	0.5	561345
0	0.361278	104.69567603638232	11.76266572240694	0.5	561345
0	0.362276	104.88137596401833	11.800135352341313	0.5	561345
0	0.363274	105.0611304000928	11.84575551244646	0.5	561345
0	0.364272	105.24604424172236	11.888399557520616	0.5	561345
0	0.36527	105.42185488037794	11.93275243803415	0.5	561345
0	0.366268	105.59581768163193	11.972164033511236	0.5	561345
0	0.367266	105.78756318833817	12.013912341784964	0.5	561345
0	0.368264	105.97032956742991	12.057591501491945	0.5	561345
0	0.369262	106.15673888673308	12.103020705569154	0.5	561345
0	0.37026	106.34027826310229	12.143033666170465	0.5	561345
0	0.371258	106.51977058362476	12.185276117479637	0.5	561345
0	0.372256	106.69959585675122	12.22666168030774	0.5	561345
0	0.373254	106.88223840162898	12.268964986794996	0.5	561345
0	0.374252	107.0652463411642	12.311660594516331	0.5	561345
0	0.37525	107.24502646365062	12.350976456376998	0.5	561345
0	0.37624799999999997	107.42659274391707	12.39684154465963	0.5	561345
0	0.37724599999999997	107.61369527946847	12.438995850529261	0.5	561345
0	0.37824399999999997	107.78972372805983	12.483377834187047	0.5	561345
0	0.37924199999999997	107.96753578980162	12.525132580472345	0.5	561345
0	0.38023999999999997	108.15176813389702	12.567091605646036	0.5	561345
0	0.38123799999999997	108.33674760388173	12.607860927834688	0.5	561345
0	0.38223599999999996	108.50122994416769	12.650521289569996	0.5	561345
0	0.38323399999999996	108.66939314704624	12.694201955773735	0.5	561345
0	0.384232	108.84489346275085	12.739201502493694	0.5	561345
0	0.38523	109.01733773342006	12.787696562449733	0.5	561345
0	0.386228	109.18245769088003	12.828574544398592	0.5	561345
0	0.387226	109.35217325471193	12.870681034362683	0.5	561345
0	0.388224	109.52986421975835	12.916204842692489	0.5	561345
0	0.389222	109.70352380697605	12.957427675332713	0.5	561345
0	0.39022	109.87229126419537	13.003481732806895	0.5	561345
0	0.391218	110.0332988287203	13.047217753817884	0.5	561345
0	0.392216	110.20850496973021	13.095007063942058	0.5	561345
0	0.393214	110.38213387726759	13.140002100944649	0.5	561345
0	0.394212	110.54408464975639	13.18569837823537	0.5	561345
0	0.39521	110.7102470008087	13.230337689784092	0.5	561345
0	0.396208	110.88773663854322	13.274766312635833	0.5	561345
0	0.397206	111.05112691631076	13.321234738821131	0.5	561345
0	0.398204	111.22851493199497	13.366909779710786	0.5	561345
0	0.399202	111.39687396836898	13.408982016857276	0.5	561345
0	0.4002	111.56939052377757	13.455482339547943	0.5	561345
0	0.401198	111.74902096057761	13.502994154072193	0.5	561345
0	0.402196	111.93496528664315	13.552834105721606	0.5	561345
0	0.403194	112.10629805540103	13.6019438980124	0.5	561345
0	0.404192	112.27994877148919	13.64962424386845	0.5	561345
0	0.40519	112.44958020937861	13.69578938430506	0.5	561345
0	0.406188	112.61634593141437	13.74715668429846	0.5	561345
0	0.407186	112.77982234316445	13.795437723918537	0.5	561345
0	0.408184	112.95166068262785	13.845880758467123	0.5	561345
0	0.409182	113.13299832177934	13.895343920008973	0.5	561345
0	0.41018	113.30398995849558	13.946696889982592	0.5	561345
0	0.411178	113.46705319099986	13.994946843591862	0.5	561345
0	0.412176	113.63577982991231	14.044918026498323	0.5	561345
0	0.413174	113.80370452964668	14.096749332070674	0.5	561345
0	0.414172	113.9680337681426	14.145116984395854	0.5	561345
0	0.41517	114.1346515264798	14.192677412261267	0.5	561345
0	0.416168	114.2967733815576	14.240828013326173	0.5	561345
0	0.417166	114.47114689503655	14.28999452049085	0.5	561345
0	0.418164	114.63121079852623	14.3373699876011	0.5	561345
0	0.419162	114.79021516940509	14.38503203943624	0.5	561345
0	0.42016	114.97051127739053	14.438652564301547	0.5	561345
0	0.421158	115.12476472118621	14.48932518710805	0.5	561345
0	0.422156	115.28913907165548	14.542080789390557	0.5	561345
0	0.423154	115.44518957569335	14.588063530975225	0.5	561345
0	0.424152	115.61234909145821	14.63871940940626	0.5	561345
0	0.42515	115.77746441522181	14.691294317582674	0.5	561345
0	0.42614799999999997	115.93526067820714	14.741488950734151	0.5	561345
0	0.42714599999999997	116.09728650013713	14.792729569073998	0.5	561345
0	0.42814399999999997	116.26039723810298	14.842960087926008	0.5	561345
0	0.42914199999999997	116.41287948549393	14.892372093961802	0.5	561345
0	0.43013999999999997	116.56577837066558	14.941708386102452	0.5	561345
0	0.43113799999999997	116.73362108461635	14.991747402905192	0.5	561345
0	0.43213599999999996	116.89879755425218	15.043515308682062	0.5	561345
0	0.43313399999999996	117.06045725496666	15.094934275658995	0.5	561345
0	0.43413199999999996	117.22429364060129	15.143939679513961	0.5	561345
0	0.43512999999999996	117.39731031850295	15.193350889583844	0.5	561345
0	0.436128	117.55446159037345	15.242428780540823	0.5	561345
0	0.437126	117.72122603923088	15.290356194855583	0.5	561345
0	0.438124	117.87546726974571	15.34220430717928	0.5	561345
0	0.439122	118.0402143463349	15.396538600061815	0.5	561345
0	0.44012	118.19623043023788	15.451493426733027	0.5	561345
0	0.441118	118.35147576814093	15.503741971798446	0.5	561345
0	0.442116	118.51329290372905	15.55911431213184	0.5	561345
0	0.443114	118.67215355879858	15.611572802681927	0.5	561345
0	0.444112	118.84110750715259	15.664688836886382	0.5	561345
0	0.44511	119.00173191659482	15.723126162060991	0.5	561345
0	0.446108	119.16545147708634	15.777925530790569	0.5	561345
0	0.447106	119.33302309403948	15.833036290999319	0.5	561345
0	0.448104	119.482975394433	15.886261315640768	0.5	561345
0	0.449102	119.64038348649862	15.941887764956427	0.5	561345
0	0.4501	119.8038473546044	15.995928357177736	0.5	561345
0	0.451098	119.95909680426439	16.053945695903487	0.5	561345
0	0.452096	120.11198210066536	16.10689837873244	0.5	561345
0	0.453094	120.27890738212113	16.162509761771418	0.5	561345
0	0.454092	120.42968346769342	16.215676601531804	0.5	561345
0	0.45509	120.58517900526914	16.272316292438845	0.5	561345
0	0.456088	120.74125238384524	16.329354738601367	0.5	561345
0	0.457086	120.90540624486172	16.391237887648643	0.5	561345
0	0.458084	121.04405191805732	16.445845609413407	0.5	561345
0	0.459082	121.1929345043749	16.503783617231132	0.5	561345
0	0.46008	121.34979864173684	16.56143861339295	0.5	561345
0	0.461078	121.50910073613412	16.619227990792222	0.5	561345
0	0.462076	121.66639998422595	16.680626001615867	0.5	561345
0	0.463074	121.82501967329803	16.737981804671907	0.5	561345
0	0.464072	121.97615804041466	16.79482657469509	0.5	561345
0	0.46507	122.13435836851971	16.85598934901554	0.5	561345
0	0.466068	122.28583873807315	16.911511834490934	0.5	561345
0	0.467066	122.45475180507117	16.97038679136731	0.5	561345
0	0.468064	122.59612182100143	17.030252862398314	0.5	561345
0	0.469062	122.76097164523347	17.086525257581798	0.5	561345
0	0.47006	122.92277705503078	17.146962833199023	0.5	561345
0	0.471058	123.07164208642148	17.208718092610518	0.5	561345
0	0.472056	123.23661941861336	17.265517678093424	0.5	561345
0	0.473054	123.3789234224957	17.328308669229685	0.5	561345
0	0.474052	123.53295662188765	17.38936413672396	0.5	561345
0	0.47505	123.69808737681485	17.44832998559839	0.5	561345
0	0.47604799999999997	123.84567892838139	17.507588480859564	0.5	561345
0	0.47704599999999997	123.99588385199577	17.569789618614568	0.5	561345
0	0.47804399999999997	124.15122775102482	17.634336078183097	0.5	561345
0	0.47904199999999997	124.30884965945967	17.699678997526398	0.5	561345
0	0.48003999999999997	124.47326112197851	17.759501563465438	0.5	561345
0	0.48103799999999997	124.62892526370898	17.819618350541873	0.5	561345
0	0.48203599999999996	124.78725320360914	17.88066494016401	0.5	561345
0	0.48303399999999996	124.94127961946786	17.939498304887927	0.5	561345
0	0.48403199999999996	125.0835739652377	18.003123644473707	0.5	561345
0	0.48502999999999996	125.24562126220715	18.06627162690726	0.5	561345
0	0.48602799999999996	125.40579665644798	18.13191123530272	0.5	561345
0	0.487026	125.54972074331093	18.1983516511326	0.5	561345
0	0.488024	125.71260051782276	18.261031270719176	0.5	561345
0	0.489022	125.86057771278992	18.32308104153544	0.5	561345
0	0.49002	126.01326444151061	18.38768623586028	0.5	561345
0	0.491018	126.1520677418072	18.451936148026206	0.5	561345
0	0.492016	126.29372663587785	18.514965971104825	0.5	561345
0	0.493014	126.44580447060842	18.578094874975378	0.5	561345
0	0.494012	126.60594303610378	18.64167858581842	0.5	561345
0	0.49501	126.75039672169399	18.704406503178188	0.5	561345
0	0.496008	126.89695059658168	18.770445879182507	0.5	561345
0	0.497006	127.04794982177906	18.83760789848596	0.5	561345
0	0.498004	127.20345675479304	18.907142261230433	0.5	561345
0	0.499002	127.35121511876075	18.973759166281912	0.5	561345
0	0.5	127.5004141329217	19.0359131949009	0.5	561345
0	0.5009979999999999	127.64059934059162	19.109281730666165	0.5	561345
0	0.501996	127.7899514007536	19.177461662587827	0.5	561345
0	0.5029939999999999	127.94518176412932	19.246271996357535	0.5	561345
0	0.503992	128.122000024509	19.317919649393673	0.5	561345
0	0.5049899999999999	128.27442410941558	19.383461313269166	0.5	561345
0	0.505988	128.42740690885603	19.455512998772942	0.5	561345
0	0.5069859999999999	128.56232053438447	19.523091328875314	0.5	561345
0	0.507984	128.72153502204296	19.597457857948427	0.5	561345
0	0.5089819999999999	128.8785082205881	19.667377524804476	0.5	561345
0	0.50998	129.02261249799264	19.73484088095338	0.5	561345
0	0.5109779999999999	129.1684609285056	19.80848540335951	0.5	561345
0	0.511976	129.3194396571353	19.87997200787853	0.5	561345
0	0.512974	129.473814680988	19.949681135115185	0.5	561345
0	0.513972	129.61560513402003	20.016613922167366	0.5	561345
0	0.51497	129.77623145908458	20.08497839815295	0.5	561345
0	0.515968	129.93126254628146	20.157242895351768	0.5	561345
0	0.516966	130.08355059248024	20.226426056290777	0.5	561345
0	0.517964	130.24076853938107	20.29872597856915	0.5	561345
0	0.518962	130.39259304984344	20.3714320921729	0.5	561345
0	0.51996	130.54656243640306	20.442836008431822	0.5	561345
0	0.520958	130.68906592697707	20.511476431680737	0.5	561345
0	0.521956	130.8348410753521	20.583202415021663	0.5	561345
0	0.522954	130.97930325875302	20.65514997308516	0.5	561345
0	0.523952	131.1228400900972	20.730118120251664	0.5	561345
0	0.52495	131.27913276092724	20.80351571876504	0.5	561345
0	0.525948	131.41993413008393	20.88254404445489	0.5	561345
0	0.526946	131.57367399172867	20.960292006063565	0.5	561345
0	0.527944	131.72353201990526	21.03926719862032	0.5	561345
0	0.528942	131.86927675245585	21.114161646478106	0.5	561345
0	0.52994	132.01944519907295	21.192108350501027	0.5	561345
0	0.530938	132.17025641308268	21.270400766244343	0.5	561345
0	0.531936	132.32173211003484	21.347997510915654	0.5	561345
0	0.532934	132.47428700224654	21.428762211140654	0.5	561345
0	0.533932	132.63587306431523	21.508918652976085	0.5	561345
0	0.53493	132.79719348686586	21.580453194380187	0.5	561345
0	0.535928	132.94307582606186	21.665950952317225	0.5	561345
0	0.536926	133.0955474982622	21.741435422810294	0.5	561345
0	0.537924	133.2354686495708	21.81938143418204	0.5	561345
0	0.538922	133.3788470489159	21.898735516872957	0.5	561345
0	0.53992	133.52419791739368	21.975450797678945	0.5	561345
0	0.540918	133.67957899999314	22.052508428342517	0.5	561345
0	0.541916	133.8330476961261	22.139184482364705	0.5	561345
0	0.542914	133.99355520987945	22.21857517391111	0.5	561345
0	0.543912	134.13113653065432	22.30308707175124	0.5	561345
0	0.54491	134.28880362390882	22.3856481547046	0.5	561345
0	0.545908	134.43289111374872	22.46635072367191	0.5	561345
0	0.546906	134.58511753434857	22.545515847164033	0.5	561345
0	0.547904	134.73849906741813	22.628820903781317	0.5	561345
0	0.548902	134.89248385126567	22.707828981612096	0.5	561345
0	0.5498999999999999	135.02979816654386	22.790506236074027	0.5	561345
0	0.550898	135.17213945222824	22.877640078804582	0.5	561345
0	0.5518959999999999	135.327397595726	22.959069812474752	0.5	561345
0	0.552894	135.4824647230633	23.044026454764676	0.5	561345
0	0.5538919999999999	135.62558989880299	23.124060369487772	0.5	561345
0	0.55489	135.7724510980657	23.211381859380893	0.5	561345
0	0.5558879999999999	135.92141187860955	23.302680261458445	0.5	561345
0	0.556886	136.07539841846534	23.390831559138313	0.5	561345
0	0.5578839999999999	136.23100614370796	23.477028492426786	0.5	561345
0	0.558882	136.38990325677116	23.56957509128779	0.5	561345
0	0.5598799999999999	136.54851406850372	23.664721407770834	0.5	561345
0	0.560878	136.70554683675812	23.75188156505295	0.5	561345
0	0.5618759999999999	136.8486806226202	23.840023978835895	0.5	561345
0	0.562874	137.00560620968446	23.928764717277637	0.5	561345
0	0.563872	137.14612298334757	24.01965555387281	0.5	561345
0	0.56487	137.29968852366542	24.109741043296133	0.5	561345
0	0.565868	137.44419418606753	24.19309011344268	0.5	561345
0	0.566866	137.59360157231623	24.280481718413995	0.5	561345
0	0.567864	137.73807480550963	24.371986924238644	0.5	561345
0	0.568862	137.88604000580645	24.463292100635865	0.5	561345
0	0.56986	138.03026231705007	24.56341067164998	0.5	561345
0	0.570858	138.16625603168828	24.65643312918481	0.5	561345
0	0.571856	138.30828414774902	24.752070936061184	0.5	561345
0	0.572854	138.45979005451508	24.83907454870059	0.5	561345
0	0.573852	138.59722756073202	24.932453624055917	0.5	561345
0	0.57485	138.74169146895116	25.02425005522467	0.5	561345
0	0.575848	138.8905243026274	25.121028355488896	0.5	561345
0	0.576846	139.03536476846892	25.216803835105388	0.5	561345
0	0.577844	139.18389885005638	25.31220982570268	0.5	561345
0	0.578842	139.3311735497255	25.405332588579142	0.5	561345
0	0.57984	139.47322924700737	25.501253495616453	0.5	561345
0	0.580838	139.62339919774473	25.60252022855656	0.5	561345
0	0.581836	139.764450320122	25.704247164689683	0.5	561345
0	0.582834	139.92314504750885	25.798438399397554	0.5	561345
0	0.583832	140.08267790805667	25.89812806294834	0.5	561345
0	0.58483	140.22599842086075	25.99381294919926	0.5	561345
0	0.585828	140.38046851799018	26.090165302934356	0.5	561345
0	0.586826	140.53643952095393	26.1877987819448	0.5	561345
0	0.587824	140.68468483055625	26.288000637799108	0.5	561345
0	0.588822	140.8321443358964	26.39922466902103	0.5	561345
0	0.58982	140.9848894641792	26.496687914952084	0.5	561345
0	0.590818	141.13311724030441	26.591671611160137	0.5	561345
0	0.591816	141.27515440228123	26.687878739262974	0.5	561345
0	0.592814	141.4260489076426	26.794445998554806	0.5	561345
0	0.593812	141.5681834161969	26.901647459800696	0.5	561345
0	0.59481	141.71260735157168	27.00211652804396	0.5	561345
0	0.595808	141.86189622258743	27.108962497939235	0.5	561345
0	0.596806	142.00671412368703	27.203085843178815	0.5	561345
0	0.597804	142.1567176945213	27.306501789126106	0.5	561345
0	0.598802	142.30557493574224	27.402690418976167	0.5	561345
0	0.5998	142.45885775167787	27.512529284314216	0.5	561345
0	0.6007979999999999	142.6070616187542	27.613088440322954	0.5	561345
0	0.601796	142.7629921309176	27.721216630319198	0.5	561345
0	0.6027939999999999	142.92318139437745	27.83143866333917	0.5	561345
0	0.603792	143.07461669471203	27.93758472108136	0.5	561345
0	0.6047899999999999	143.21285928101076	28.047420795761347	0.5	561345
0	0.605788	143.3649095137251	28.14708845563653	0.5	561345
0	0.6067859999999999	143.50713041292792	28.2702259179936	0.5	561345
0	0.607784	143.65443032801736	28.380682836495197	0.5	561345
0	0.6087819999999999	143.80684903275986	28.494551025337753	0.5	561345
0	0.60978	143.96355399502454	28.603147907666326	0.5	561345
0	0.6107779999999999	144.1228005844426	28.721982398752033	0.5	561345
0	0.611776	144.27881861136592	28.833621097371406	0.5	561345
0	0.6127739999999999	144.4199008465562	28.946224874368006	0.5	561345
0	0.613772	144.57679769435578	29.050567759974037	0.5	561345
0	0.61477	144.73075905289454	29.16597005413331	0.5	561345
0	0.615768	144.87781437909373	29.283972807542884	0.5	561345
0	0.616766	145.02558374252692	29.395440229805622	0.5	561345
0	0.617764	145.17771576969966	29.513730519159942	0.5	561345
0	0.618762	145.33375508580852	29.621663727144192	0.5	561345
0	0.61976	145.48137182282423	29.757253297915675	0.5	561345
0	0.620758	145.6331629780673	29.87302038267772	0.5	561345
0	0.621756	145.7851290907592	29.996638831864633	0.5	561345
0	0.622754	145.95207200659823	30.111738225327432	0.5	561345
0	0.623752	146.11522498510757	30.232240549035645	0.5	561345
0	0.62475	146.26146086985733	30.349362247055527	0.5	561345
0	0.625748	146.4171849824899	30.46981442370845	0.5	561345
0	0.626746	146.57023642817728	30.58602596938181	0.5	561345
0	0.627744	146.73028046968548	30.71224345498184	0.5	561345
0	0.628742	146.88641101101823	30.836090242914782	0.5	561345
0	0.62974	147.03038925383512	30.96646914383796	0.5	561345
0	0.630738	147.19273874709458	31.101044351386296	0.5	561345
0	0.631736	147.32545569025163	31.22115540590535	0.5	561345
0	0.632734	147.48173331735987	31.34718921573015	0.5	561345
0	0.633732	147.63028685143146	31.47058066364364	0.5	561345
0	0.63473	147.7759357241978	31.588857675461966	0.5	561345
0	0.635728	147.93011310090264	31.71891595783479	0.5	561345
0	0.636726	148.09390568628822	31.839967247701086	0.5	561345
0	0.637724	148.249901933215	31.967247385375444	0.5	561345
0	0.638722	148.4065893051156	32.114577351948945	0.5	561345
0	0.63972	148.5528121216132	32.25097484133815	0.5	561345
0	0.640718	148.70658829701927	32.38844185225055	0.5	561345
0	0.641716	148.85418282107491	32.51491895278183	0.5	561345
0	0.642714	149.00553138255736	32.642601881986934	0.5	561345
0	0.643712	149.16704054121234	32.77121515294837	0.5	561345
0	0.64471	149.32378543325336	32.91302574996975	0.5	561345
0	0.645708	149.47794541780578	33.055753413503965	0.5	561345
0	0.646706	149.64727905880056	33.187444257881154	0.5	561345
0	0.647704	149.80804161090052	33.318961564598204	0.5	561345
0	0.648702	149.96637811628045	33.455293211457146	0.5	561345
0	0.6496999999999999	150.1180033036077	33.59004957079586	0.5	561345
0	0.650698	150.27841458708932	33.728837523654214	0.5	561345
0	0.6516959999999999	150.4368273047102	33.867843286466346	0.5	561345
0	0.652694	150.5874996347172	34.00924723043674	0.5	561345
0	0.6536919999999999	150.7416155989483	34.13831572546888	0.5	561345
0	0.65469	150.9035331992323	34.27656397990532	0.5	561345
0	0.6556879999999999	151.07005498645722	34.43204313009584	0.5	561345
0	0.656686	151.2405626303819	34.576890174644696	0.5	561345
0	0.6576839999999999	151.3847877102057	34.73186549863553	0.5	561345
0	0.658682	151.5431583110024	34.885877450264935	0.5	561345
0	0.6596799999999999	151.71707906434798	35.03892343234067	0.5	561345
0	0.660678	151.87606615545457	35.179864503200484	0.5	561345
0	0.6616759999999999	152.03686005805	35.32801629198752	0.5	561345
0	0.662674	152.19215077129752	35.48549038515526	0.5	561345
0	0.6636719999999999	152.35126769564874	35.63667771188187	0.5	561345
0	0.66467	152.50575566498	35.79375921456075	0.5	561345
0	0.665668	152.657975950044	35.94192116767847	0.5	561345
0	0.666666	152.82407667170776	36.08948908529037	0.5	561345
0	0.667664	152.9896883309727	36.24344271218006	0.5	561345
0	0.668662	153.16649101435308	36.40443901800115	0.5	561345
0	0.66966	153.33733039139042	36.561269742458045	0.5	561345
0	0.670658	153.48169241764947	36.71503829266918	0.5	561345
0	0.671656	153.6300690165202	36.88042612476927	0.5	561345
0	0.672654	153.7784766988227	37.050816825643594	0.5	561345
0	0.673652	153.9521210452815	37.21568298157958	0.5	561345
0	0.67465	154.10302697832606	37.378016732326586	0.5	561345
0	0.675648	154.26407165139955	37.55093772015479	0.5	561345
0	0.676646	154.4235479975758	37.712439270783506	0.5	561345
0	0.677644	154.59567738455686	37.891916444924725	0.5	561345
0	0.678642	154.76393149923865	38.066936599782	0.5	561345
0	0.67964	154.93878149587695	38.24166150114606	0.5	561345
0	0.680638	155.1234962589529	38.42026145046379	0.5	561345
0	0.681636	155.29212173354435	38.593072704504145	0.5	561345
0	0.682634	155.455376326517	38.76662539641878	0.5	561345
0	0.683632	155.61758695281725	38.92797040336926	0.5	561345
0	0.68463	155.79461032686947	39.10381454871792	0.5	561345
0	0.685628	155.96586655271324	39.28518498726429	0.5	561345
0	0.686626	156.13523852719274	39.45837554986991	0.5	561345
0	0.687624	156.31360297193328	39.63325791951496	0.5	561345
0	0.688622	156.47927386522488	39.80913173749542	0.5	561345
0	0.68962	156.65176238000382	39.990115390491084	0.5	561345
0	0.690618	156.8243588922372	40.17667220270897	0.5	561345
0	0.691616	157.00001123073832	40.36138104616696	0.5	561345
0	0.692614	157.18493818649816	40.54831739111719	0.5	561345
0	0.693612	157.3677502098815	40.743553987845964	0.5	561345
0	0.69461	157.5355517963332	40.93587433448162	0.5	561345
0	0.695608	157.69740162050746	41.13920589029276	0.5	561345
0	0.696606	157.8816035396581	41.331955314793746	0.5	561345
0	0.697604	158.04822433764522	41.51775885292981	0.5	561345
0	0.698602	158.2175561543713	41.71039620418744	0.5	561345
0	0.6996	158.3920935948718	41.92401943283981	0.5	561345
0	0.7005979999999999	158.57072383124887	42.114991243310286	0.5	561345
0	0.701596	158.73680609174656	42.318254624538625	0.5	561345
0	0.7025939999999999	158.90994108553667	42.526152661552835	0.5	561345
0	0.703592	159.0769094488234	42.725806633144416	0.5	561345
0	0.7045899999999999	159.2658230524004	42.92589686927409	0.5	561345
0	0.705588	159.43953494688623	43.12163839661586	0.5	561345
0	0.7065859999999999	159.61954405393587	43.32749886943373	0.5	561345
0	0.707584	159.8036797716396	43.53557052883513	0.5	561345
0	0.7085819999999999	159.9943921749645	43.767549061477624	0.5	561345
0	0.70958	160.1783702480824	43.96690695464187	0.5	561345
0	0.7105779999999999	160.35777198545102	44.19615189556558	0.5	561345
0	0.711576	160.5413257755262	44.39071379860294	0.5	561345
0	0.7125739999999999	160.72704834495096	44.58052300242593	0.5	561345
0	0.713572	160.91210435417804	44.787965592162784	0.5	561345
0	0.7145699999999999	161.09916175875725	45.00279919774612	0.5	561345
0	0.715568	161.2840384069787	45.243145261404145	0.5	561345
0	0.716566	161.47177661356105	45.46638533492783	0.5	561345
0	0.717564	161.64992141069104	45.69439009974721	0.5	561345
0	0.718562	161.84359525249155	45.92012751378374	0.5	561345
0	0.71956	162.03406082725655	46.148548810040964	0.5	561345
0	0.720558	162.23102280938156	46.3793675229227	0.5	561345
0	0.721556	162.42354498961626	46.61031201442064	0.5	561345
0	0.722554	162.62118605676716	46.83132513096092	0.5	561345
0	0.723552	162.80748309253147	47.064209271026975	0.5	561345
0	0.72455	163.0097633261525	47.30909194104792	0.5	561345
0	0.725548	163.19658174562358	47.539713569948155	0.5	561345
0	0.726546	163.37886700274603	47.782167328706734	0.5	561345
0	0.727544	163.55625748908102	48.01074411971963	0.5	561345
0	0.728542	163.75054531951338	48.26602149923407	0.5	561345
0	0.72954	163.93221747019945	48.4937467549321	0.5	561345
0	0.730538	164.12611300545058	48.74557649201943	0.5	561345
0	0.731536	164.3264377676742	48.99618225413863	0.5	561345
0	0.732534	164.51689060473586	49.243897124093074	0.5	561345
0	0.733532	164.72204577147158	49.483750851972914	0.5	561345
0	0.73453	164.93945660518	49.73039955852878	0.5	561345
0	0.735528	165.14145187536315	49.977339443112996	0.5	561345
0	0.736526	165.34108089400172	50.22662486881842	0.5	561345
0	0.737524	165.56170250182225	50.497449298194276	0.5	561345
0	0.738522	165.77440753650663	50.754180873586684	0.5	561345
0	0.73952	165.96962944518077	51.0057383851035	0.5	561345
0	0.740518	166.18059922324713	51.26364183170616	0.5	561345
0	0.741516	166.40177103951996	51.53862688581304	0.5	561345
0	0.742514	166.62155462103365	51.80577586463699	0.5	561345
0	0.743512	166.8261962219679	52.06933496158072	0.5	561345
0	0.74451	167.03683115105167	52.32594488200847	0.5	561345
0	0.745508	167.2418225904075	52.59410730506432	0.5	561345
0	0.746506	167.45890966614965	52.87864092292662	0.5	561345
0	0.747504	167.67060539879935	53.15079969384104	0.5	561345
0	0.748502	167.88334477107128	53.431588997932074	0.5	561345
0	0.7494999999999999	168.08852493243043	53.71761251105118	0.5	561345
0	0.750498	168.3007737510061	54.019666693376756	0.5	561345
0	0.7514959999999999	168.5184013937665	54.31930261309644	0.5	561345
0	0.752494	168.74242352376166	54.609738708719085	0.5	561345
0	0.7534919999999999	168.96614255780074	54.904820646271986	0.5	561345
0	0.75449	169.19507227791598	55.2019420005766	0.5	561345
0	0.7554879999999999	169.42507222559178	55.48033723615917	0.5	561345
0	0.756486	169.6506014133344	55.771983173674265	0.5	561345
0	0.7574839999999999	169.88204712586432	56.0744369090138	0.5	561345
0	0.758482	170.1130147934085	56.369980267914286	0.5	561345
0	0.7594799999999999	170.3410135788897	56.65594411004131	0.5	561345
0	0.760478	170.56020105425029	56.987583183666395	0.5	561345
0	0.7614759999999999	170.78801528764933	57.303622639011984	0.5	561345
0	0.762474	171.00933926899748	57.621144345500134	0.5	561345
0	0.7634719999999999	171.23952665832792	57.94475938971498	0.5	561345
0	0.76447	171.47891735524152	58.28294761792707	0.5	561345
0	0.7654679999999999	171.7082970266783	58.6286039120289	0.5	561345
0	0.766466	171.94547247109486	58.94656471595634	0.5	561345
0	0.767464	172.17458828432052	59.264797780941386	0.5	561345
0	0.768462	172.42473794143106	59.57445139635874	0.5	561345
0	0.76946	172.67059842175428	59.92696977745351	0.5	561345
0	0.770458	172.90630032794402	60.279053564033674	0.5	561345
0	0.771456	173.15085358007136	60.62375286537475	0.5	561345
0	0.772454	173.3860009345291	60.951469469646405	0.5	561345
0	0.773452	173.63206527926295	61.28461857619654	0.5	561345
0	0.77445	173.89741342864525	61.64651620012123	0.5	561345
0	0.775448	174.14228712045752	61.980593039708424	0.5	561345
0	0.776446	174.40200154618208	62.317322528275554	0.5	561345
0	0.777444	174.66219021397058	62.70109059411695	0.5	561345
0	0.778442	174.9130551412448	63.03273559181998	0.5	561345
0	0.77944	175.15853543392382	63.40610909114557	0.5	561345
0	0.780438	175.41844120951652	63.756346237973425	0.5	561345
0	0.781436	175.67009645405395	64.14298413467652	0.5	561345
0	0.782434	175.92594378456715	64.50915536565519	0.5	561345
0	0.783432	176.20223187771128	64.87402793869498	0.5	561345
0	0.78443	176.46587801505362	65.23891957733824	0.5	561345
0	0.785428	176.71596922496335	65.6103227500117	0.5	561345
0	0.786426	176.9911768687821	65.96358232061483	0.5	561345
0	0.787424	177.2523494075606	66.35882562288728	0.5	561345
0	0.788422	177.5139530323958	66.7207212941222	0.5	561345
0	0.78942	177.78255218528318	67.12003720076653	0.5	561345
0	0.790418	178.06655552040354	67.52319098974512	0.5	561345
0	0.791416	178.3455998396388	67.92528772715933	0.5	561345
0	0.792414	178.60007601951625	68.31590317429428	0.5	561345
0	0.793412	178.8758118555851	68.72368961290506	0.5	561345
0	0.79441	179.15585174229147	69.0811917424069	0.5	561345
0	0.795408	179.44043251870727	69.48257653353384	0.5	561345
0	0.796406	179.7404193176993	69.874578842504	0.5	561345
0	0.797404	180.01539169438345	70.26178008303938	0.5	561345
0	0.798402	180.3005871221631	70.6706880660196	0.5	561345
0	0.7994	180.57106630395657	71.09318401480536	0.5	561345
0	0.8003979999999999	180.8817796971288	71.49779177470171	0.5	561345
0	0.801396	181.17770877914427	71.93354650170886	0.5	561345
0	0.8023939999999999	181.4765242808204	72.35148115135716	0.5	561345
0	0.803392	181.77596253495588	72.75855113904602	0.5	561345
0	0.8043899999999999	182.0846659469304	73.19418953664396	0.5	561345
0	0.805388	182.37873341756637	73.63550483387169	0.5	561345
0	0.8063859999999999	182.67387213106377	74.05150444398286	0.5	561345
0	0.807384	182.95670979506858	74.4482128258456	0.5	561345
0	0.8083819999999999	183.26057201876807	74.8678680130978	0.5	561345
0	0.80938	183.55993166805015	75.27646558823143	0.5	561345
0	0.8103779999999999	183.8939517869986	75.68654289000483	0.5	561345
0	0.811376	184.2016199664851	76.1253904086911	0.5	561345
0	0.8123739999999999	184.51024408383313	76.565828488831	0.5	561345
0	0.813372	184.84469879042692	77.0089499050581	0.5	561345
0	0.8143699999999999	185.18627088103955	77.43464923033727	0.5	561345
0	0.815368	185.5141731354723	77.86435419034409	0.5	561345
0	0.8163659999999999	185.87246903717593	78.3412026275083	0.5	561345
0	0.817364	186.2111193359822	78.79958956158295	0.5	561345
0	0.8183619999999999	186.54746573161376	79.26670510279617	0.5	561345
0	0.81936	186.87191228019327	79.70666517784561	0.5	561345
0	0.820358	187.21058134549097	80.16067874280752	0.5	561345
0	0.821356	187.55634506080426	80.59629284839339	0.5	561345
0	0.822354	187.9203306430933	81.05798149991466	0.5	561345
0	0.823352	188.25883604576228	81.5585771752932	0.5	561345
0	0.82435	188.64108697182084	82.01521940734959	0.5	561345
0	0.825348	189.01610657150368	82.47488303016121	0.5	561345
0	0.826346	189.37327351945106	82.96452757830019	0.5	561345
0	0.827344	189.731260954156	83.44122162529193	0.5	561345
0	0.828342	190.09395652029312	83.91593026902021	0.5	561345
0	0.82934	190.46815891219217	84.43850906386076	0.5	561345
0	0.830338	190.82809087399534	84.9028786727725	0.5	561345
0	0.831336	191.19955562397104	85.39761210880906	0.5	561345
0	0.832334	191.56750631223701	85.92767074419653	0.5	561345
0	0.833332	191.95743347845323	86.44398205789763	0.5	561345
0	0.83433	192.32612880596366	86.90575092854063	0.5	561345
0	0.835328	192.7111372197635	87.40009503149113	0.5	561345
0	0.836326	193.10150572685245	87.88743233250318	0.5	561345
0	0.837324	193.49586502672992	88.36123373607072	0.5	561345
0	0.838322	193.90497032295576	88.83943092260519	0.5	561345
0	0.83932	194.2936822909419	89.298081921315	0.5	561345
0	0.840318	194.7087175775827	89.77495673000563	0.5	561345
0	0.841316	195.14700112148122	90.27284097384545	0.5	561345
0	0.842314	195.54304268373886	90.78499021154981	0.5	561345
0	0.843312	195.93358335027307	91.24733350899643	0.5	561345
0	0.84431	196.34672872940433	91.72682523872935	0.5	561345
0	0.845308	196.75272779900513	92.2384627477408	0.5	561345
0	0.846306	197.14727721313247	92.7448523187359	0.5	561345
0	0.847304	197.55299790549122	93.25434132993718	0.5	561345
0	0.848302	197.963650902073	93.77099129533754	0.5	561345
0	0.8492999999999999	198.4211023662538	94.27199532203888	0.5	561345
0	0.850298	198.83521595073285	94.77786906452869	0.5	561345
0	0.8512959999999999	199.27312896259724	95.30632226898986	0.5	561345
0	0.852294	199.71922237545132	95.82403795616987	0.5	561345
0	0.8532919999999999	200.14211289250176	96.33554462013123	0.5	561345
0	0.85429	200.57072077620637	96.8320454796336	0.5	561345
0	0.8552879999999999	201.01718095144176	97.33616019106314	0.5	561345
0	0.856286	201.46391116845774	97.90079206413701	0.5	561345
0	0.8572839999999999	201.9179677742387	98.43765786497536	0.5	561345
0	0.858282	202.33461770828688	98.94224384151555	0.5	561345
0	0.8592799999999999	202.76125530840116	99.45507979640982	0.5	561345
0	0.860278	203.21236382717046	100.02071901086103	0.5	561345
0	0.8612759999999999	203.704680997071	100.49680947941889	0.5	561345
0	0.862274	204.1877926216468	101.04082785186688	0.5	561345
0	0.8632719999999999	204.68758431181908	101.60258889134356	0.5	561345
0	0.86427	205.1729369062218	102.15876234882899	0.5	561345
0	0.8652679999999999	205.64897366861786	102.68487410885506	0.5	561345
0	0.866266	206.11893342810563	103.23170781378981	0.5	561345
0	0.8672639999999999	206.6191466952827	103.75979827564693	0.5	561345
0	0.868262	207.10142724613368	104.36546131105597	0.5	561345
0	0.8692599999999999	207.56305513088486	104.9008136565903	0.5	561345
0	0.870258	208.0639379898027	105.40729369926598	0.5	561345
0	0.871256	208.55742531091403	105.95719132719938	0.5	561345
0	0.872254	209.07820768089942	106.52740015373283	0.5	561345
0	0.873252	209.58232768831837	107.09271307498024	0.5	561345
0	0.87425	210.09167289421472	107.63280613363473	0.5	561345
0	0.875248	210.66399694860277	108.20345671985109	0.5	561345
0	0.876246	211.16865446861038	108.74112436324194	0.5	561345
0	0.877244	211.67768409758574	109.3416555049443	0.5	561345
0	0.878242	212.2152559710814	109.90853402193439	0.5	561345
0	0.87924	212.76938111726005	110.47871454380572	0.5	561345
0	0.880238	213.25774348529924	111.00876385412667	0.5	561345
0	0.881236	213.75296980023123	111.56955970183749	0.5	561345
0	0.882234	214.28508533326217	112.16334625228531	0.5	561345
0	0.883232	214.82752582507098	112.72462132181994	0.5	561345
0	0.88423	215.38822560877617	113.32574539391103	0.5	561345
0	0.885228	215.91138764047233	113.90352806729422	0.5	561345
0	0.886226	216.46970055633565	114.46057024454879	0.5	561345
0	0.887224	217.06264486898363	115.00430577232557	0.5	561345
0	0.888222	217.62093659107018	115.59900023693532	0.5	561345
0	0.88922	218.26660039887884	116.14616865576511	0.5	561345
0	0.890218	218.85180145150338	116.74646972016883	0.5	561345
0	0.891216	219.38897768512834	117.35769696200113	0.5	561345
0	0.892214	219.99045379595577	117.91520693407458	0.5	561345
0	0.893212	220.55286292315682	118.52600074857912	0.5	561345
0	0.89421	221.1460205253072	119.12856621047419	0.5	561345
0	0.895208	221.7471604857939	119.73919153891792	0.5	561345
0	0.896206	222.31937009167763	120.31020696673298	0.5	561345
0	0.897204	222.9298867767718	120.91495321020929	0.5	561345
0	0.898202	223.4831430782969	121.49703691662891	0.5	561345
0	0.8992	224.07347149703259	122.06031010012556	0.5	561345
0	0.9001979999999999	224.70850777908564	122.62243555219317	0.5	561345
0	0.901196	225.34102465245147	123.19531593182063	0.5	561345
0	0.9021939999999999	225.9419617017231	123.76220369546513	0.5	561345
0	0.903192	226.5898362241794	124.38226160454062	0.5	561345
0	0.9041899999999999	227.21474441898053	124.99819747002552	0.5	561345
0	0.905188	227.80723220716442	125.6217296155834	0.5	561345
0	0.9061859999999999	228.44914702301435	126.2355461571628	0.5	561345
0	0.907184	229.09396163547777	126.87612196182275	0.5	561345
0	0.9081819999999999	229.71689882739588	127.48670802767717	0.5	561345
0	0.90918	230.4180565290372	128.1063941946162	0.5	561345
0	0.9101779999999999	231.11217303217938	128.70945638595606	0.5	561345
0	0.911176	231.77229273739292	129.33144581336236	0.5	561345
0	0.9121739999999999	232.48081632215332	129.9351562294391	0.5	561345
0	0.913172	233.14046215096417	130.5000362670564	0.5	561345
0	0.9141699999999999	233.83463007414568	131.12966903503283	0.5	561345
0	0.915168	234.4777144541673	131.75964959808076	0.5	561345
0	0.9161659999999999	235.15737148885597	132.36546470609855	0.5	561345
0	0.917164	235.82957696701627	132.98579548133492	0.5	561345
0	0.9181619999999999	236.56402688188726	133.54030575169367	0.5	561345
0	0.91916	237.27353397190072	134.16584115938525	0.5	561345
0	0.9201579999999999	237.99769493666224	134.77619555324807	0.5	561345
0	0.921156	238.7127146786874	135.4064549584157	0.5	561345
0	0.922154	239.470342032854	136.00354727031933	0.5	561345
0	0.923152	240.24818969841095	136.57840106520896	0.5	561345
0	0.92415	241.02219614134552	137.15933748356866	0.5	561345
0	0.925148	241.79366899383095	137.82495646711706	0.5	561345
0	0.926146	242.61049346273177	138.42660574191035	0.5	561345
0	0.927144	243.37086364387687	139.08915383917224	0.5	561345
0	0.928142	244.1906458421915	139.6639645152243	0.5	561345
0	0.92914	244.97985030279676	140.28907901804493	0.5	561345
0	0.930138	245.7713938730696	140.90873120719192	0.5	561345
0	0.931136	246.60365264101299	141.55403716118673	0.5	561345
0	0.932134	247.4533940360447	142.17279666151882	0.5	561345
0	0.933132	248.31874625049852	142.8038874703524	0.5	561345
0	0.93413	249.18659986743947	143.43304378146215	0.5	561345
0	0.935128	250.03611316385073	144.09647239960034	0.5	561345
0	0.936126	250.92833363398452	144.71786436356228	0.5	561345
0	0.937124	251.79290825249365	145.34461347281962	0.5	561345
0	0.938122	252.7650464608713	145.9441520399251	0.5	561345
0	0.93912	253.72204437997559	146.59123719352255	0.5	561345
0	0.940118	254.74663449704013	147.20839085720235	0.5	561345
0	0.941116	255.6949311917407	147.8326131172278	0.5	561345
0	0.942114	256.6182774219145	148.45279946808327	0.5	561345
0	0.943112	257.6027787458124	149.07777736209195	0.5	561345
0	0.94411	258.6400284685064	149.71150564450255	0.5	561345
0	0.945108	259.75220818429347	150.3287199017784	0.5	561345
0	0.946106	260.73583260467325	150.91006060401963	0.5	561345
0	0.947104	261.7281393640275	151.51771265469634	0.5	561345
0	0.948102	262.8150868486545	152.13126654418033	0.5	561345
0	0.9490999999999999	263.94144086293335	152.71417586310395	0.5	561345
0	0.950098	265.0544099446465	153.34561407983014	0.5	561345
0	0.9510959999999999	266.24040098915026	153.9617343353459	0.5	561345
0	0.952094	267.4338993461387	154.61285808698358	0.5	561345
0	0.9530919999999999	268.55268185603194	155.2653589551801	0.5	561345
0	0.95409	269.7468177943586	155.9269159646697	0.5	561345
0	0.9550879999999999	270.9114549392577	156.52013801022002	0.5	561345
0	0.956086	272.228000696729	157.10726416732803	0.5	561345
0	0.9570839999999999	273.58303608184656	157.7130832559542	0.5	561345
0	0.958082	275.0305666634262	158.34762109022302	0.5	561345
0	0.9590799999999999	276.36657976428853	158.92070707290264	0.5	561345
0	0.960078	277.7944538168524	159.5146727346137	0.5	561345
0	0.9610759999999999	279.23189248049067	160.12557693438833	0.5	561345
0	0.962074	280.8309719118409	160.6896136608994	0.5	561345
0	0.9630719999999999	282.3049700374036	161.22245404811173	0.5	561345
0	0.96407	284.0509561393358	161.8462904622482	0.5	561345
0	0.9650679999999999	285.73407728789465	162.44949559339162	0.5	561345
0	0.966066	287.3982875483463	162.9963215039454	0.5	561345
0	0.9670639999999999	289.3513431814981	163.57798930233972	0.5	561345
0	0.968062	291.21157385426477	164.15667261538854	0.5	561345
0	0.9690599999999999	293.3279050071549	164.70006762389536	0.5	561345
0	0.970058	295.54009557251084	165.31884749697147	0.5	561345
0	0.9710559999999999	297.7410401465861	165.8723156280305	0.5	561345
0	0.972054	300.1617275260412	166.47235567848801	0.5	561345
0	0.973052	302.59469252188956	167.0717488255363	0.5	561345
0	0.97405	305.1836020530857	167.5703252998289	0.5	561345
0	0.975048	307.91265014040033	168.16224104732854	0.5	561345
0	0.976046	311.08953962699434	168.7096554141008	0.5	561345
0	0.977044	314.27407311057266	169.22397593969987	0.5	561345
0	0.978042	317.727811278401	169.8172476993546	0.5	561345
0	0.97904	321.4833555450135	170.3914211834958	0.5	561345
0	0.980038	325.51784794401874	170.9796060461665	0.5	561345
0	0.981036	330.18555586804916	171.51620942053265	0.5	561345
0	0.982034	335.1954118881116	172.0537665974309	0.5	561345
0	0.983032	340.9006452091266	172.55189676282407	0.5	561345
0	0.98403	346.38966816158546	173.07610442394875	0.5	561345
0	0.985028	353.25699982213956	173.58013980078667	0.5	561345
0	0.986026	360.73458925025693	174.06559010227312	0.5	561345
0	0.987024	369.327191028584	174.5626296294471	0.5	561345
0	0.988022	379.15239020647	175.0638108377287	0.5	561345
0	0.98902	391.07968576205644	175.563004327123	0.5	561345
0	0.990018	405.9477197196161	176.0214964603806	0.5	561345
0	0.991016	422.47260919665786	176.45533964744402	0.5	561345
0	0.992014	443.2302852918903	176.91907827257137	0.5	561345
0	0.993012	470.09360820185685	177.34671445893065	0.5	561345
0	0.99401	497.64221553823563	177.7952513752124	0.5	561345
0	0.995008	526.8328055874342	178.21997033427306	0.5	561345
0	0.996006	556.3348446693525	178.61637625270518	0.5	561345
0	0.997004	593.0694898574153	179.00529339065332	0.5	561345
0	0.998002	627.5895633105583	179.37733368049177	0.5	561345
0	0.999	666.3968460935408	179.72955763938904	0.5	561345
1	0.001	129.8184621198532	0.007692972777911376	0.5	1154244
1	0.0019979999999999998	133.96371615992797	0.01518205665516201	0.5	1154244
1	0.002996	136.66492131759767	0.02278896073102655	0.5	1154244
1	0.003994	138.78223547785515	0.030201820143189544	0.5	1154244
1	0.004992	140.54061851116057	0.03812804358841687	0.5	1154244
1	0.00599	142.05383001323725	0.04570006990588052	0.5	1154244
1	0.006988	143.43477669014848	0.053074125407279	0.5	1154244
1	0.007986	144.6733555504849	0.060867212126269804	0.5	1154244
1	0.008983999999999999	145.8442749712297	0.0690994316863027	0.5	1154244
1	0.009982000000000001	146.8459208928569	0.07659880467671354	0.5	1154244
1	0.01098	147.79855832419173	0.08432294815569813	0.5	1154244
1	0.011977999999999999	148.69844249337046	0.09153672303622558	0.5	1154244
1	0.012976000000000001	149.54025338998653	0.0993694546797394	0.5	1154244
1	0.013974	150.2949579580009	0.10680619547431396	0.5	1154244
1	0.014972	151.05503293822767	0.1142695733302137	0.5	1154244
1	0.015969999999999998	151.72387092357434	0.1218075611237676	0.5	1154244
1	0.016968	152.3989731922356	0.12959761296918276	0.5	1154244
1	0.017966	153.01337855610737	0.13740332217983944	0.5	1154244
1	0.018964	153.6337388175108	0.1450291937917194	0.5	1154244
1	0.019962	154.2306486665026	0.1527027966124641	0.5	1154244
1	0.02096	154.80039721054118	0.16113779758795094	0.5	1154244
1	0.021958000000000002	155.33972923570363	0.1688371713321733	0.5	1154244
1	0.022956	155.8820666050522	0.177016623006238	0.5	1154244
1	0.023954	156.39253858036219	0.18439898214777622	0.5	1154244
1	0.024952000000000002	156.91425243522943	0.19210991705839903	0.5	1154244
1	0.02595	157.40501606919685	0.1998381550995609	0.5	1154244
1	0.026948	157.88678973916893	0.20725008967216038	0.5	1154244
1	0.027946	158.34886248191745	0.21473759417257332	0.5	1154244
1	0.028944	158.79914210043466	0.2221610164833216	0.5	1154244
1	0.029942	159.2514934594214	0.22981213163066322	0.5	1154244
1	0.03094	159.68245812085132	0.23736090113061378	0.5	1154244
1	0.031938	160.10662951533055	0.24464255294832557	0.5	1154244
1	0.032936	160.4953487406101	0.2525427950905696	0.5	1154244
1	0.033934	160.9050089990876	0.260223164870718	0.5	1154244
1	0.034932	161.2844268470049	0.2682896994605133	0.5	1154244
1	0.03593	161.67603033595447	0.2758332229224632	0.5	1154244
1	0.036928	162.05919568250775	0.2836434911322672	0.5	1154244
1	0.037926	162.44217408301694	0.2913927541459837	0.5	1154244
1	0.038924	162.80801724037846	0.2989737780310507	0.5	1154244
1	0.039922	163.19748280843535	0.3064631340185778	0.5	1154244
1	0.04092	163.56674725372682	0.3138575920576576	0.5	1154244
1	0.041918	163.9295764166288	0.3214728372702189	0.5	1154244
1	0.042916	164.27775372694856	0.3289883561231291	0.5	1154244
1	0.043914	164.62491156951168	0.3363729612553233	0.5	1154244
1	0.044912	164.97433070938985	0.34422332622686647	0.5	1154244
1	0.04591	165.314429510442	0.35190264866902093	0.5	1154244
1	0.046908	165.64556601114526	0.3595810976452411	0.5	1154244
1	0.047906	165.9664896254016	0.3670812382062037	0.5	1154244
1	0.048904	166.29095751692807	0.37507110880478983	0.5	1154244
1	0.049902	166.5966773771227	0.3826942092333147	0.5	1154244
1	0.0509	166.91087695738065	0.3898075463180036	0.5	1154244
1	0.051898	167.2072635070012	0.39760432689867403	0.5	1154244
1	0.052896	167.50346169205375	0.405342534958639	0.5	1154244
1	0.053894	167.80600298948278	0.4134486097384097	0.5	1154244
1	0.054891999999999996	168.10964054989932	0.420875451308252	0.5	1154244
1	0.05589	168.40235016636794	0.42872370949156763	0.5	1154244
1	0.056888	168.6970106902634	0.4362393954765115	0.5	1154244
1	0.057886	168.97068791363404	0.4440986220374792	0.5	1154244
1	0.058884	169.25546703480956	0.4518090967421485	0.5	1154244
1	0.059882	169.52330040440603	0.45968948089643613	0.5	1154244
1	0.06088	169.79676236826433	0.46736271438997673	0.5	1154244
1	0.061878	170.0707898045976	0.4749164507671171	0.5	1154244
1	0.062876	170.35263152906566	0.4827915591908021	0.5	1154244
1	0.063874	170.62679743886426	0.4910070604234214	0.5	1154244
1	0.064872	170.9018574166766	0.49865847358657867	0.5	1154244
1	0.06587	171.16622638325654	0.5061770593271847	0.5	1154244
1	0.066868	171.43848774702795	0.5137819341235893	0.5	1154244
1	0.067866	171.70943519700947	0.5210577727781511	0.5	1154244
1	0.068864	171.9513062939956	0.5290696235566551	0.5	1154244
1	0.069862	172.19904730859295	0.5367491259877691	0.5	1154244
1	0.07085999999999999	172.4542223870899	0.5445104538644416	0.5	1154244
1	0.071858	172.70993132707162	0.5525153629706097	0.5	1154244
1	0.072856	172.9560564710129	0.5598488008274342	0.5	1154244
1	0.073854	173.20968119901084	0.5677621815483683	0.5	1154244
1	0.074852	173.4511369229175	0.5752645462329112	0.5	1154244
1	0.07585	173.69386526564702	0.5831461184616362	0.5	1154244
1	0.076848	173.93850825102072	0.5906293786809915	0.5	1154244
1	0.077846	174.18433677805842	0.5978601555693592	0.5	1154244
1	0.078844	174.4337583094662	0.6049502232770901	0.5	1154244
1	0.079842	174.6716535166852	0.6123801653294383	0.5	1154244
1	0.08084	174.90285838624254	0.6198474668654118	0.5	1154244
1	0.081838	175.13694289847794	0.6277834576079773	0.5	1154244
1	0.08283599999999999	175.36433788971289	0.6357837464210288	0.5	1154244
1	0.08383399999999999	175.6102552576613	0.643348269804417	0.5	1154244
1	0.084832	175.83840585815747	0.6511100717617722	0.5	1154244
1	0.08583	176.070506095141	0.6588068240999185	0.5	1154244
1	0.086828	176.29266685976276	0.6667357730842693	0.5	1154244
1	0.087826	176.51165875166097	0.6746222319817067	0.5	1154244
1	0.088824	176.7387002145185	0.6820569325941169	0.5	1154244
1	0.089822	176.95712718444136	0.689697025567311	0.5	1154244
1	0.09082	177.19193604624195	0.697659526910234	0.5	1154244
1	0.091818	177.4215550963076	0.70546237558921	0.5	1154244
1	0.092816	177.64521990262952	0.7132065265180645	0.5	1154244
1	0.093814	177.85689608401265	0.7207279453345729	0.5	1154244
1	0.094812	178.07749559173456	0.72855629689239	0.5	1154244
1	0.09580999999999999	178.2891487296542	0.7360891649571107	0.5	1154244
1	0.096808	178.5087513622202	0.7435962566819502	0.5	1154244
1	0.097806	178.7274459689172	0.7512537632250973	0.5	1154244
1	0.098804	178.92889622199777	0.7586608568805325	0.5	1154244
1	0.099802	179.13972454629786	0.7666717246502512	0.5	1154244
1	0.1008	179.35488127971522	0.7746112483258107	0.5	1154244
1	0.101798	179.56274018181315	0.7819960743607665	0.5	1154244
1	0.102796	179.75533654737688	0.7894615473058165	0.5	1154244
1	0.103794	179.95817683862296	0.7968596045728636	0.5	1154244
1	0.104792	180.156651450121	0.8051065441185521	0.5	1154244
1	0.10579	180.36199125213022	0.8125229258188922	0.5	1154244
1	0.106788	180.56068243121175	0.8197179731496077	0.5	1154244
1	0.10778599999999999	180.7672500966298	0.8275019305037374	0.5	1154244
1	0.10878399999999999	180.95957589386222	0.8353590836431093	0.5	1154244
1	0.109782	181.1564299943248	0.8432153619654675	0.5	1154244
1	0.11078	181.344079436116	0.8512862293416605	0.5	1154244
1	0.111778	181.53590256339547	0.8589626597851582	0.5	1154244
1	0.112776	181.72864925722146	0.8666882416573958	0.5	1154244
1	0.113774	181.9270305671049	0.8743499993693646	0.5	1154244
1	0.114772	182.12720823063617	0.882107447302652	0.5	1154244
1	0.11577	182.3210680464822	0.8899327120428435	0.5	1154244
1	0.116768	182.51137912288516	0.8976386307843326	0.5	1154244
1	0.117766	182.70531159386277	0.9053751807742696	0.5	1154244
1	0.118764	182.8899358520661	0.9131809436266887	0.5	1154244
1	0.119762	183.0891405682832	0.9206905871196035	0.5	1154244
1	0.12075999999999999	183.2808985941567	0.9285000334998733	0.5	1154244
1	0.12175799999999999	183.46292168528984	0.9359434518670295	0.5	1154244
1	0.122756	183.65452508938043	0.9436998436067149	0.5	1154244
1	0.123754	183.84199032419568	0.9516174915422951	0.5	1154244
1	0.124752	184.01893176098986	0.9593379423173376	0.5	1154244
1	0.12575	184.20719779078502	0.9666812123438266	0.5	1154244
1	0.126748	184.38344025026998	0.9738541689103928	0.5	1154244
1	0.127746	184.56627240523093	0.9817131791328576	0.5	1154244
1	0.128744	184.74841282881215	0.9894916686084356	0.5	1154244
1	0.129742	184.92632704429667	0.9969724571837615	0.5	1154244
1	0.13074	185.10945981131266	1.0048405774935418	0.5	1154244
1	0.131738	185.28905694634264	1.0129344254496393	0.5	1154244
1	0.132736	185.46001867661894	1.0203605218199259	0.5	1154244
1	0.133734	185.62312797139774	1.0278872353853423	0.5	1154244
1	0.134732	185.80497451467392	1.0356363627280074	0.5	1154244
1	0.13573	185.97886734832514	1.0433793346465279	0.5	1154244
1	0.136728	186.1559311817558	1.0509061770346888	0.5	1154244
1	0.137726	186.33307364261637	1.058644616602052	0.5	1154244
1	0.138724	186.50157642658834	1.0666333938935677	0.5	1154244
1	0.13972199999999999	186.67677931032733	1.07417619831373	0.5	1154244
1	0.14071999999999998	186.84531589722474	1.081953827907692	0.5	1154244
1	0.141718	187.01662110093446	1.0893895463456902	0.5	1154244
1	0.142716	187.1827144243893	1.0973059563063465	0.5	1154244
1	0.143714	187.35103273279452	1.1048732171888296	0.5	1154244
1	0.144712	187.51496046023706	1.1124567599561412	0.5	1154244
1	0.14571	187.68148218072113	1.1208291900302505	0.5	1154244
1	0.146708	187.83955579294366	1.1283367581896575	0.5	1154244
1	0.147706	188.00465166741105	1.1361389755270987	0.5	1154244
1	0.148704	188.1665057781216	1.1437108397081701	0.5	1154244
1	0.149702	188.33223627682582	1.1516593420706007	0.5	1154244
1	0.1507	188.49359692115152	1.1598342066953693	0.5	1154244
1	0.151698	188.6535021802864	1.1673567482512164	0.5	1154244
1	0.152696	188.8181006575192	1.1754141463964594	0.5	1154244
1	0.153694	188.98067927706694	1.183229540531721	0.5	1154244
1	0.154692	189.14643675289543	1.1909961594941059	0.5	1154244
1	0.15569	189.30876092620773	1.198743021412438	0.5	1154244
1	0.156688	189.46632448000986	1.2066053186602985	0.5	1154244
1	0.157686	189.6286443351914	1.2144604398453103	0.5	1154244
1	0.158684	189.78971982157987	1.222942527420566	0.5	1154244
1	0.159682	189.94763282491084	1.2310774838368925	0.5	1154244
1	0.16068	190.10441364186184	1.2389919416620128	0.5	1154244
1	0.161678	190.26370118496314	1.246947004716704	0.5	1154244
1	0.162676	190.4219772332725	1.2548833588811397	0.5	1154244
1	0.163674	190.57085706820845	1.2626596429459465	0.5	1154244
1	0.16467199999999999	190.73109871562676	1.2710332579234986	0.5	1154244
1	0.16566999999999998	190.8889442824247	1.278543419483721	0.5	1154244
1	0.16666799999999998	191.0406812309081	1.2864106191324363	0.5	1154244
1	0.167666	191.19264115781297	1.2939699609410624	0.5	1154244
1	0.168664	191.34899526494777	1.3016008682843172	0.5	1154244
1	0.169662	191.49745969827475	1.309909001776224	0.5	1154244
1	0.17066	191.64437365937263	1.317666568289468	0.5	1154244
1	0.171658	191.79818896943442	1.3258290302347346	0.5	1154244
1	0.172656	191.94157134999708	1.3335375618378342	0.5	1154244
1	0.173654	192.08905627898582	1.3415194565486002	0.5	1154244
1	0.174652	192.2384551401714	1.3494532659282454	0.5	1154244
1	0.17565	192.38308751720712	1.3573963809854952	0.5	1154244
1	0.176648	192.53079991568222	1.3651627803836777	0.5	1154244
1	0.177646	192.68340947309957	1.3731312247021443	0.5	1154244
1	0.178644	192.82873950628763	1.381095452214813	0.5	1154244
1	0.179642	192.9795385332854	1.3889361669231113	0.5	1154244
1	0.18064	193.12948800155445	1.3970304834481193	0.5	1154244
1	0.181638	193.27307045664358	1.4052811175924773	0.5	1154244
1	0.182636	193.41600315051886	1.413188194308405	0.5	1154244
1	0.183634	193.5720478409408	1.4208486267243254	0.5	1154244
1	0.184632	193.7216527447876	1.428605521754489	0.5	1154244
1	0.18563	193.86176158610544	1.4362223991724863	0.5	1154244
1	0.186628	194.00757358036756	1.4444215445855262	0.5	1154244
1	0.187626	194.15157625542668	1.4525991208842943	0.5	1154244
1	0.18862399999999999	194.2990022866073	1.4609083413984187	0.5	1154244
1	0.18962199999999999	194.44587199652298	1.4688365883610093	0.5	1154244
1	0.19061999999999998	194.5882996866593	1.4764038211771884	0.5	1154244
1	0.19161799999999998	194.7336060599364	1.4842770996236492	0.5	1154244
1	0.192616	194.88182779827403	1.4925047670116944	0.5	1154244
1	0.193614	195.02457280797185	1.5005321387261221	0.5	1154244
1	0.194612	195.1573069248848	1.5081801706750402	0.5	1154244
1	0.19561	195.29219879856237	1.5156954229173367	0.5	1154244
1	0.196608	195.42978817520245	1.5232501250132242	0.5	1154244
1	0.197606	195.57361901515313	1.5313733898624056	0.5	1154244
1	0.198604	195.71685156405735	1.539540061025556	0.5	1154244
1	0.199602	195.85449199374565	1.5473818455985568	0.5	1154244
1	0.2006	195.98913002971716	1.5554578297552542	0.5	1154244
1	0.201598	196.13294142548213	1.563566394480505	0.5	1154244
1	0.202596	196.27429856628646	1.5720615643042082	0.5	1154244
1	0.203594	196.41205348554703	1.5800336131381043	0.5	1154244
1	0.204592	196.54761069645858	1.5880104217072866	0.5	1154244
1	0.20559	196.68977017633134	1.5959926522651895	0.5	1154244
1	0.206588	196.82222060348272	1.6037963151568988	0.5	1154244
1	0.207586	196.96234010571996	1.6116623703229513	0.5	1154244
1	0.208584	197.09993651904017	1.6196379547311526	0.5	1154244
1	0.209582	197.2437448397443	1.627469228726076	0.5	1154244
1	0.21058	197.37598963541043	1.635792432297665	0.5	1154244
1	0.211578	197.51611377745556	1.6436479533746682	0.5	1154244
1	0.212576	197.65388249752493	1.6518113650135098	0.5	1154244
1	0.21357399999999999	197.7931986304801	1.6594557605221438	0.5	1154244
1	0.21457199999999998	197.9240631201831	1.6673232854144786	0.5	1154244
1	0.21556999999999998	198.05645057278215	1.6753003325264626	0.5	1154244
1	0.21656799999999998	198.19194877369893	1.6837442790441959	0.5	1154244
1	0.21756599999999998	198.32669852354587	1.691204368345505	0.5	1154244
1	0.218564	198.45917824259573	1.6991019609515141	0.5	1154244
1	0.219562	198.58796447099056	1.707133843664229	0.5	1154244
1	0.22056	198.71707265836358	1.7151405889777007	0.5	1154244
1	0.221558	198.8502397113837	1.7227731601380938	0.5	1154244
1	0.222556	198.9817574480989	1.730612348116755	0.5	1154244
1	0.223554	199.1137474252872	1.7385258075772079	0.5	1154244
1	0.224552	199.23991391162969	1.7471316983822023	0.5	1154244
1	0.22555	199.36005533432913	1.7550710672520589	0.5	1154244
1	0.226548	199.487764087887	1.7625274787960663	0.5	1154244
1	0.227546	199.61511166876917	1.7699326526764396	0.5	1154244
1	0.228544	199.74280728761406	1.7779267421998592	0.5	1154244
1	0.229542	199.87551954772655	1.785863946211589	0.5	1154244
1	0.23054	200.0062375934078	1.7936423813055178	0.5	1154244
1	0.231538	200.13489802602487	1.8019435713663043	0.5	1154244
1	0.232536	200.2625310607095	1.810066214604086	0.5	1154244
1	0.233534	200.39161193537518	1.8184197357050293	0.5	1154244
1	0.234532	200.51589230819496	1.8264359000849237	0.5	1154244
1	0.23553	200.64006677912136	1.8345354566758953	0.5	1154244
1	0.236528	200.76217165494836	1.8426161014798033	0.5	1154244
1	0.237526	200.88647012059258	1.850596738117349	0.5	1154244
1	0.23852399999999999	201.01316380266996	1.8583948700590605	0.5	1154244
1	0.23952199999999998	201.1431207982267	1.8663973297825815	0.5	1154244
1	0.24051999999999998	201.27216221649002	1.8746299991401731	0.5	1154244
1	0.24151799999999998	201.3957475849314	1.8831533581301625	0.5	1154244
1	0.24251599999999998	201.5238145233056	1.891570830006268	0.5	1154244
1	0.24351399999999998	201.64558889139727	1.89999400380734	0.5	1154244
1	0.244512	201.76795974798694	1.9080234154033797	0.5	1154244
1	0.24551	201.88662086342444	1.9161978064549687	0.5	1154244
1	0.246508	202.00985243528103	1.924444007266684	0.5	1154244
1	0.247506	202.13446857011746	1.932635926977618	0.5	1154244
1	0.248504	202.2555715771034	1.9408147894581846	0.5	1154244
1	0.249502	202.38046628241	1.9488100736231169	0.5	1154244
1	0.2505	202.5036049993458	1.9572447600782321	0.5	1154244
1	0.251498	202.62270321483462	1.965188161632667	0.5	1154244
1	0.252496	202.74693282058448	1.973149598411517	0.5	1154244
1	0.253494	202.86743508324048	1.9818188241931072	0.5	1154244
1	0.254492	202.9874754449006	1.989736440158981	0.5	1154244
1	0.25549	203.11544752043906	1.997755072079275	0.5	1154244
1	0.256488	203.2391426203136	2.0059612406108474	0.5	1154244
1	0.257486	203.36388977696046	2.014009061695481	0.5	1154244
1	0.258484	203.48796182223745	2.021899747535842	0.5	1154244
1	0.259482	203.60730982132816	2.0310057558216954	0.5	1154244
1	0.26048	203.72503332143148	2.039091761125118	0.5	1154244
1	0.261478	203.84745879823345	2.047819676748078	0.5	1154244
1	0.262476	203.97286257290173	2.0558094149521926	0.5	1154244
1	0.263474	204.08993626751956	2.0645502768364494	0.5	1154244
1	0.264472	204.20829667485606	2.0725855709750665	0.5	1154244
1	0.26547	204.3200772401042	2.081244360798824	0.5	1154244
1	0.266468	204.4365748565603	2.0895249767345323	0.5	1154244
1	0.267466	204.55124721416146	2.097884049275768	0.5	1154244
1	0.268464	204.66827953915177	2.106168963757444	0.5	1154244
1	0.269462	204.78676881304162	2.1146334996603353	0.5	1154244
1	0.27046	204.90116194400682	2.122986239769374	0.5	1154244
1	0.271458	205.02096416454677	2.1312352118671165	0.5	1154244
1	0.272456	205.14006334366096	2.1393496745997935	0.5	1154244
1	0.273454	205.25778330013637	2.147671942899029	0.5	1154244
1	0.274452	205.3721964197901	2.1558722095336704	0.5	1154244
1	0.27545	205.48734911058955	2.1640907841664765	0.5	1154244
1	0.27644799999999997	205.6059558199913	2.172229018588487	0.5	1154244
1	0.27744599999999997	205.72406267642526	2.1807164502552974	0.5	1154244
1	0.27844399999999997	205.8384698355639	2.1890185364700763	0.5	1154244
1	0.27944199999999997	205.95909436389294	2.197392275252373	0.5	1154244
1	0.28043999999999997	206.07983519402828	2.205934849830104	0.5	1154244
1	0.28143799999999997	206.1963229612126	2.2138367218584567	0.5	1154244
1	0.282436	206.30787261596564	2.2220201978677667	0.5	1154244
1	0.283434	206.4256615433065	2.230461716395538	0.5	1154244
1	0.284432	206.5430600419396	2.2381489358284115	0.5	1154244
1	0.28543	206.65945273326201	2.2466216658155025	0.5	1154244
1	0.286428	206.7701610071501	2.2550015555702743	0.5	1154244
1	0.287426	206.88771596111602	2.263583542906594	0.5	1154244
1	0.288424	207.00991377780647	2.272487702914276	0.5	1154244
1	0.289422	207.12265154933954	2.280848179510927	0.5	1154244
1	0.29042	207.23983917618867	2.2896220078499527	0.5	1154244
1	0.291418	207.3522844267763	2.297766641560662	0.5	1154244
1	0.292416	207.46578578761284	2.306616520285206	0.5	1154244
1	0.293414	207.57981267660395	2.3151425811240243	0.5	1154244
1	0.294412	207.6951780485833	2.323195396266872	0.5	1154244
1	0.29541	207.81157226651627	2.3317397721297666	0.5	1154244
1	0.296408	207.9232347474035	2.340214197143392	0.5	1154244
1	0.297406	208.03458022783045	2.34849410705195	0.5	1154244
1	0.298404	208.14690896470032	2.356954022899619	0.5	1154244
1	0.299402	208.2645598927199	2.3652543218421034	0.5	1154244
1	0.3004	208.37338054871336	2.3734090560725933	0.5	1154244
1	0.301398	208.48675813967964	2.3817369593272124	0.5	1154244
1	0.302396	208.5950241962966	2.390283842596307	0.5	1154244
1	0.303394	208.70644521880467	2.3986875564651404	0.5	1154244
1	0.304392	208.81514184430614	2.406902795951612	0.5	1154244
1	0.30539	208.92174045550817	2.4159449845613814	0.5	1154244
1	0.306388	209.03356417962746	2.424396893490629	0.5	1154244
1	0.307386	209.14916478824895	2.4325322056400442	0.5	1154244
1	0.308384	209.2593662896736	2.4409202489798316	0.5	1154244
1	0.309382	209.373913338841	2.4494657140155893	0.5	1154244
1	0.31038	209.48030727800707	2.457996551861867	0.5	1154244
1	0.311378	209.5929482218704	2.4667311128466314	0.5	1154244
1	0.312376	209.70680199814356	2.47543703292063	0.5	1154244
1	0.313374	209.81416071451463	2.4838023223769388	0.5	1154244
1	0.314372	209.92752866944204	2.492028961337489	0.5	1154244
1	0.31537	210.03547789765807	2.500884916590029	0.5	1154244
1	0.316368	210.14486170423186	2.5095419532218872	0.5	1154244
1	0.317366	210.25879290382508	2.5175674348812382	0.5	1154244
1	0.318364	210.37071287419695	2.526647945732917	0.5	1154244
1	0.319362	210.47483639754822	2.5352442043461507	0.5	1154244
1	0.32036	210.58713805655805	2.544086328010584	0.5	1154244
1	0.321358	210.6973109317839	2.552258789321005	0.5	1154244
1	0.322356	210.8100487460989	2.560442647281598	0.5	1154244
1	0.323354	210.9173944977873	2.568987206513891	0.5	1154244
1	0.324352	211.0318690919857	2.5778684481614986	0.5	1154244
1	0.32535	211.14515327851916	2.5864319397642803	0.5	1154244
1	0.32634799999999997	211.24909001326674	2.594970766578203	0.5	1154244
1	0.32734599999999997	211.35095052467398	2.6032946590701966	0.5	1154244
1	0.32834399999999997	211.4614955166847	2.6120846833914135	0.5	1154244
1	0.32934199999999997	211.57036682168984	2.621003484315802	0.5	1154244
1	0.33033999999999997	211.68725802373868	2.6295607243975776	0.5	1154244
1	0.33133799999999997	211.79994877253603	2.6383741589134577	0.5	1154244
1	0.33233599999999996	211.90751629855504	2.646947095071659	0.5	1154244
1	0.333334	212.01509792589346	2.655081484496611	0.5	1154244
1	0.334332	212.12146851817502	2.663700107704442	0.5	1154244
1	0.33533	212.2263649780247	2.6726109613369813	0.5	1154244
1	0.336328	212.3348065734383	2.681196468936796	0.5	1154244
1	0.337326	212.44463172739208	2.6900181011931292	0.5	1154244
1	0.338324	212.55672034789174	2.698490568769703	0.5	1154244
1	0.339322	212.66312461184225	2.7067499001970843	0.5	1154244
1	0.34032	212.77102243811098	2.715365710473995	0.5	1154244
1	0.341318	212.87125348842093	2.723854678543081	0.5	1154244
1	0.342316	212.97822822332586	2.7325203605004598	0.5	1154244
1	0.343314	213.08483879717022	2.7414111219021224	0.5	1154244
1	0.344312	213.18951606482295	2.7500753133643414	0.5	1154244
1	0.34531	213.2916457472615	2.7591222930216603	0.5	1154244
1	0.346308	213.394852241541	2.7676283909410686	0.5	1154244
1	0.347306	213.49687905824072	2.7763384896645467	0.5	1154244
1	0.348304	213.60246503563317	2.785253595202718	0.5	1154244
1	0.349302	213.7053411109487	2.7939612334094153	0.5	1154244
1	0.3503	213.81023251787096	2.802636162262196	0.5	1154244
1	0.351298	213.92074446678427	2.8117279381899625	0.5	1154244
1	0.352296	214.0260153649649	2.8201590970965533	0.5	1154244
1	0.353294	214.12359860002954	2.829065525896824	0.5	1154244
1	0.354292	214.23429342864696	2.8380234583496233	0.5	1154244
1	0.35529	214.33962559650982	2.846804126870805	0.5	1154244
1	0.356288	214.44236860865882	2.8557366084354316	0.5	1154244
1	0.357286	214.55213682343378	2.865057631755045	0.5	1154244
1	0.358284	214.65790204915868	2.873383025549741	0.5	1154244
1	0.359282	214.76488125920312	2.882289720931155	0.5	1154244
1	0.36028	214.86430442343982	2.8907450392591514	0.5	1154244
1	0.361278	214.97380387704433	2.8996290175558808	0.5	1154244
1	0.362276	215.08222175293866	2.9084094061972636	0.5	1154244
1	0.363274	215.18409857104177	2.9172050224372104	0.5	1154244
1	0.364272	215.28688065606767	2.926208974134316	0.5	1154244
1	0.36527	215.3838456382184	2.934643354654485	0.5	1154244
1	0.366268	215.49225017313302	2.943674132478303	0.5	1154244
1	0.367266	215.59458006595867	2.952991302326659	0.5	1154244
1	0.368264	215.69685465143675	2.961969739426891	0.5	1154244
1	0.369262	215.79992133354762	2.970404398301711	0.5	1154244
1	0.37026	215.907084788912	2.978999756093673	0.5	1154244
1	0.371258	216.01368879125212	2.9877866256102164	0.5	1154244
1	0.372256	216.11992600985653	2.996855102985413	0.5	1154244
1	0.373254	216.22245142881417	3.0055662784955364	0.5	1154244
1	0.374252	216.32652203570998	3.0146512323290136	0.5	1154244
1	0.37525	216.433171335142	3.02372024265811	0.5	1154244
1	0.37624799999999997	216.53370541025228	3.0327466589958356	0.5	1154244
1	0.37724599999999997	216.63558029156079	3.041616054596837	0.5	1154244
1	0.37824399999999997	216.73915638357957	3.050833692919265	0.5	1154244
1	0.37924199999999997	216.84680924144592	3.059406186274828	0.5	1154244
1	0.38023999999999997	216.95091161923858	3.0684245077810677	0.5	1154244
1	0.38123799999999997	217.05365621183898	3.0773350102403145	0.5	1154244
1	0.38223599999999996	217.1514880781738	3.086447596592741	0.5	1154244
1	0.38323399999999996	217.2493411356842	3.09562662319175	0.5	1154244
1	0.384232	217.35133084227613	3.104627778329095	0.5	1154244
1	0.38523	217.45338002287275	3.113653255412258	0.5	1154244
1	0.386228	217.5544617797658	3.122485833737859	0.5	1154244
1	0.387226	217.66295155746445	3.1313575182729974	0.5	1154244
1	0.388224	217.76138919256468	3.140694621574665	0.5	1154244
1	0.389222	217.86220930832172	3.1498078177501605	0.5	1154244
1	0.39022	217.96356309177554	3.1589512910348994	0.5	1154244
1	0.391218	218.0644579372601	3.1680448147646465	0.5	1154244
1	0.392216	218.17313216669203	3.1769613251328526	0.5	1154244
1	0.393214	218.2778984533586	3.1865413074854207	0.5	1154244
1	0.394212	218.3752784593087	3.195500410237043	0.5	1154244
1	0.39521	218.47419934870786	3.204544941852785	0.5	1154244
1	0.396208	218.57685954353346	3.2134935752565776	0.5	1154244
1	0.397206	218.67839109273223	3.222581186178794	0.5	1154244
1	0.398204	218.78026547528495	3.231598749308029	0.5	1154244
1	0.399202	218.88587548304503	3.241008290175392	0.5	1154244
1	0.4002	218.9854440421644	3.2501638146668776	0.5	1154244
1	0.401198	219.09058612758193	3.2589963813844047	0.5	1154244
1	0.402196	219.19060792275278	3.2679721800103883	0.5	1154244
1	0.403194	219.29277896469014	3.276915879435431	0.5	1154244
1	0.404192	219.3997400584183	3.286446285087332	0.5	1154244
1	0.40519	219.4993704028813	3.295928679963585	0.5	1154244
1	0.406188	219.60227935066226	3.305027844797305	0.5	1154244
1	0.407186	219.70591259464078	3.3141929586041923	0.5	1154244
1	0.408184	219.81103673983716	3.3239266638798326	0.5	1154244
1	0.409182	219.91342282188694	3.3333101586147733	0.5	1154244
1	0.41018	220.013951222802	3.342413096457956	0.5	1154244
1	0.411178	220.1149247901561	3.3516595580485977	0.5	1154244
1	0.412176	220.21530836752024	3.360918863267961	0.5	1154244
1	0.413174	220.3103730641771	3.3702469931287444	0.5	1154244
1	0.414172	220.4095636798277	3.37942374144092	0.5	1154244
1	0.41517	220.51120301913815	3.3890565793036522	0.5	1154244
1	0.416168	220.60904049423655	3.398418460754816	0.5	1154244
1	0.417166	220.7053399475073	3.407932132460618	0.5	1154244
1	0.418164	220.8047973540125	3.417724762957041	0.5	1154244
1	0.419162	220.9011056826933	3.4271239970735645	0.5	1154244
1	0.42016	220.99786905298816	3.436594147228884	0.5	1154244
1	0.421158	221.09564771597317	3.4460380799496533	0.5	1154244
1	0.422156	221.19747789358044	3.4555512887912085	0.5	1154244
1	0.423154	221.30397411912827	3.4649421024064537	0.5	1154244
1	0.424152	221.40700864563686	3.4741458842396216	0.5	1154244
1	0.42515	221.5078318204051	3.483175334264792	0.5	1154244
1	0.42614799999999997	221.608020169781	3.492693063521496	0.5	1154244
1	0.42714599999999997	221.70997882927767	3.502307717002074	0.5	1154244
1	0.42814399999999997	221.80922198946053	3.5119507984793366	0.5	1154244
1	0.42914199999999997	221.90778101601757	3.5215541173074	0.5	1154244
1	0.43013999999999997	222.00220555516773	3.5309994611484217	0.5	1154244
1	0.43113799999999997	222.09793910919632	3.5408786305160445	0.5	1154244
1	0.43213599999999996	222.19679743918132	3.550436465153032	0.5	1154244
1	0.43313399999999996	222.29554775440073	3.559938663690953	0.5	1154244
1	0.43413199999999996	222.3971342706469	3.569114673950857	0.5	1154244
1	0.43512999999999996	222.49749692549918	3.5785362627374644	0.5	1154244
1	0.436128	222.59508290202885	3.5885685023218126	0.5	1154244
1	0.437126	222.69314740540332	3.5982085962573773	0.5	1154244
1	0.438124	222.791088225612	3.6075302046251188	0.5	1154244
1	0.439122	222.89195461926914	3.6174177774427734	0.5	1154244
1	0.44012	222.98632312510992	3.627558378891477	0.5	1154244
1	0.441118	223.08691689693572	3.6373680160839172	0.5	1154244
1	0.442116	223.18451685417998	3.6470288032482863	0.5	1154244
1	0.443114	223.28544925003177	3.656304044125133	0.5	1154244
1	0.444112	223.38535875314219	3.666159144482368	0.5	1154244
1	0.44511	223.48376017481817	3.6761281544372544	0.5	1154244
1	0.446108	223.58376644436655	3.685521195339996	0.5	1154244
1	0.447106	223.69095614685304	3.695154478427867	0.5	1154244
1	0.448104	223.79117756703064	3.7045841182846546	0.5	1154244
1	0.449102	223.88783383349428	3.7145648933870015	0.5	1154244
1	0.4501	223.98797979751882	3.724441251678403	0.5	1154244
1	0.451098	224.091470768374	3.7339379900543284	0.5	1154244
1	0.452096	224.19194199115574	3.74330974154892	0.5	1154244
1	0.453094	224.28843975659166	3.752901528621676	0.5	1154244
1	0.454092	224.38347782835052	3.7629986958707664	0.5	1154244
1	0.45509	224.4794470727512	3.7726464567448206	0.5	1154244
1	0.456088	224.5825251014369	3.782807982751721	0.5	1154244
1	0.457086	224.68405572779795	3.7927156399916813	0.5	1154244
1	0.458084	224.78466970934315	3.802592594704493	0.5	1154244
1	0.459082	224.8801475995663	3.8122705806034527	0.5	1154244
1	0.46008	224.97708359154535	3.8220548305378577	0.5	1154244
1	0.461078	225.0776163552147	3.831646735660063	0.5	1154244
1	0.462076	225.17109396982056	3.841737305641995	0.5	1154244
1	0.463074	225.26923147596924	3.851199370283178	0.5	1154244
1	0.464072	225.3666791671475	3.8610108863080956	0.5	1154244
1	0.46507	225.4673396077495	3.871189265167105	0.5	1154244
1	0.466068	225.56517169287972	3.8809238507221173	0.5	1154244
1	0.467066	225.65944928543433	3.891497085105069	0.5	1154244
1	0.468064	225.76306382325828	3.901675411128961	0.5	1154244
1	0.469062	225.86153772148765	3.9113008200610966	0.5	1154244
1	0.47006	225.96444340625604	3.9210510608821405	0.5	1154244
1	0.471058	226.06307403058887	3.9315632657731654	0.5	1154244
1	0.472056	226.16454104065832	3.9415632636695115	0.5	1154244
1	0.473054	226.26390059156034	3.9521114730751057	0.5	1154244
1	0.474052	226.3673704244399	3.9620374207399993	0.5	1154244
1	0.47505	226.46913565478593	3.972588498966985	0.5	1154244
1	0.47604799999999997	226.57100581039802	3.982139946782928	0.5	1154244
1	0.47704599999999997	226.67198985751068	3.992450456444095	0.5	1154244
1	0.47804399999999997	226.77176262369213	4.003145097814105	0.5	1154244
1	0.47904199999999997	226.8657049428789	4.01342038911528	0.5	1154244
1	0.48003999999999997	226.96728140939106	4.024247916023757	0.5	1154244
1	0.48103799999999997	227.06620325200558	4.033843784376331	0.5	1154244
1	0.48203599999999996	227.16513057665478	4.043375546026508	0.5	1154244
1	0.48303399999999996	227.26018223030633	4.0536206843432945	0.5	1154244
1	0.48403199999999996	227.35821533296055	4.0635768838519795	0.5	1154244
1	0.48502999999999996	227.45764997319122	4.0734447014773165	0.5	1154244
1	0.48602799999999996	227.55460205946395	4.083566476416585	0.5	1154244
1	0.487026	227.65034623163575	4.093984222565276	0.5	1154244
1	0.488024	227.74456465980873	4.103936280471237	0.5	1154244
1	0.489022	227.842389648031	4.113969331302056	0.5	1154244
1	0.49002	227.94662635338676	4.1244253045897725	0.5	1154244
1	0.491018	228.03963381754983	4.134541366843955	0.5	1154244
1	0.492016	228.13354948241587	4.145599118016497	0.5	1154244
1	0.493014	228.2292592952027	4.155759785111608	0.5	1154244
1	0.494012	228.3242565300524	4.166449555741591	0.5	1154244
1	0.49501	228.42444208551856	4.17619690309911	0.5	1154244
1	0.496008	228.5218816179191	4.186628723148797	0.5	1154244
1	0.497006	228.62326270043653	4.196786565151052	0.5	1154244
1	0.498004	228.71797633696497	4.207158652972946	0.5	1154244
1	0.499002	228.8190567209166	4.217679824011099	0.5	1154244
1	0.5	228.91773470177017	4.227315113489027	0.5	1154244
1	0.5009979999999999	229.01316586629827	4.237508259374749	0.5	1154244
1	0.501996	229.1128101771054	4.248406664043821	0.5	1154244
1	0.5029939999999999	229.21061568072255	4.25896697328334	0.5	1154244
1	0.503992	229.30960534145754	4.270056220909068	0.5	1154244
1	0.5049899999999999	229.4116715172726	4.28071229111278	0.5	1154244
1	0.505988	229.50635489893585	4.2913097216249145	0.5	1154244
1	0.5069859999999999	229.6023626939958	4.301966932717035	0.5	1154244
1	0.507984	229.70335058409196	4.312674591370626	0.5	1154244
1	0.5089819999999999	229.80080001757725	4.3231242739839395	0.5	1154244
1	0.50998	229.90176511875435	4.334165431580625	0.5	1154244
1	0.5109779999999999	230.0024743188481	4.344458837136158	0.5	1154244
1	0.511976	230.1001038759942	4.354981922649205	0.5	1154244
1	0.512974	230.1974909009939	4.3652763601895375	0.5	1154244
1	0.513972	230.29577830602392	4.375629023307382	0.5	1154244
1	0.51497	230.39509479149868	4.385692743684492	0.5	1154244
1	0.515968	230.49561428361594	4.396098990383652	0.5	1154244
1	0.516966	230.59317419917187	4.4065460570516874	0.5	1154244
1	0.517964	230.6865351858266	4.417763387329464	0.5	1154244
1	0.518962	230.7885593728886	4.428887431113382	0.5	1154244
1	0.51996	230.8876479035612	4.438977336333677	0.5	1154244
1	0.520958	230.98976407330846	4.449779451425024	0.5	1154244
1	0.521956	231.0891810578941	4.460832754055095	0.5	1154244
1	0.522954	231.18772025437283	4.471182990142717	0.5	1154244
1	0.523952	231.28597091528152	4.482058496533103	0.5	1154244
1	0.52495	231.38542614331658	4.493405284269922	0.5	1154244
1	0.525948	231.4820178630999	4.5042611720411205	0.5	1154244
1	0.526946	231.5813054222461	4.515230412833636	0.5	1154244
1	0.527944	231.6795686219506	4.526254017769787	0.5	1154244
1	0.528942	231.77296724879452	4.537589105682792	0.5	1154244
1	0.52994	231.87100880452158	4.548421583558672	0.5	1154244
1	0.530938	231.96546115414213	4.559058201585666	0.5	1154244
1	0.531936	232.06134048677544	4.570468540684366	0.5	1154244
1	0.532934	232.15879294360877	4.581809467589027	0.5	1154244
1	0.533932	232.2587188997459	4.5926242043272785	0.5	1154244
1	0.53493	232.35827790129488	4.603400249573401	0.5	1154244
1	0.535928	232.4628658384538	4.615112296729225	0.5	1154244
1	0.536926	232.56191067985344	4.626184683420042	0.5	1154244
1	0.537924	232.6569084318055	4.637220328789444	0.5	1154244
1	0.538922	232.75590904587045	4.648825072237765	0.5	1154244
1	0.53992	232.8598392545371	4.659803317402748	0.5	1154244
1	0.540918	232.95643494925815	4.670807955245463	0.5	1154244
1	0.541916	233.05764040027572	4.681496186233378	0.5	1154244
1	0.542914	233.15803646614538	4.69324095851448	0.5	1154244
1	0.543912	233.2601684695894	4.7040661595126245	0.5	1154244
1	0.54491	233.36273731751243	4.715945184799154	0.5	1154244
1	0.545908	233.4569834776648	4.727023983559965	0.5	1154244
1	0.546906	233.56101477843129	4.73845244588959	0.5	1154244
1	0.547904	233.66449384535102	4.749714958620181	0.5	1154244
1	0.548902	233.75860891309577	4.760386264141808	0.5	1154244
1	0.5498999999999999	233.8604335009737	4.771217668083661	0.5	1154244
1	0.550898	233.95751119981395	4.782406922112454	0.5	1154244
1	0.5518959999999999	234.05720041636678	4.793677456762482	0.5	1154244
1	0.552894	234.15293225143543	4.804917732804115	0.5	1154244
1	0.5538919999999999	234.24870320274573	4.815870422385716	0.5	1154244
1	0.55489	234.3504061641429	4.826667615326722	0.5	1154244
1	0.5558879999999999	234.44890063351136	4.838053601744786	0.5	1154244
1	0.556886	234.54660067709378	4.849191209015316	0.5	1154244
1	0.5578839999999999	234.64571489174728	4.860666311310125	0.5	1154244
1	0.558882	234.74617914444337	4.8722817352508905	0.5	1154244
1	0.5598799999999999	234.84155660022074	4.883808714736568	0.5	1154244
1	0.560878	234.94082952990007	4.895592014906496	0.5	1154244
1	0.5618759999999999	235.03720580962872	4.907203711159194	0.5	1154244
1	0.562874	235.13454508228384	4.91911848957736	0.5	1154244
1	0.563872	235.22821854155782	4.930825970607353	0.5	1154244
1	0.56487	235.3264834995983	4.942226010045392	0.5	1154244
1	0.565868	235.428033819435	4.953772555462922	0.5	1154244
1	0.566866	235.52069835643977	4.965653057518059	0.5	1154244
1	0.567864	235.6210371419526	4.977544028490794	0.5	1154244
1	0.568862	235.71805094864317	4.989141704932415	0.5	1154244
1	0.56986	235.8171311524819	5.00045241966612	0.5	1154244
1	0.570858	235.92306143786135	5.0121548658374975	0.5	1154244
1	0.571856	236.01884563712522	5.024327230632304	0.5	1154244
1	0.572854	236.11474928570158	5.036161299967177	0.5	1154244
1	0.573852	236.21210684599347	5.0482599169858995	0.5	1154244
1	0.57485	236.31730951074553	5.060503821323266	0.5	1154244
1	0.575848	236.42129935695945	5.071681781326569	0.5	1154244
1	0.576846	236.52068600663037	5.0837169839074425	0.5	1154244
1	0.577844	236.619998461548	5.096170419146946	0.5	1154244
1	0.578842	236.71427792046788	5.107637337974305	0.5	1154244
1	0.57984	236.81666601261136	5.119922727041201	0.5	1154244
1	0.580838	236.91905179285442	5.131515993505516	0.5	1154244
1	0.581836	237.01988879099264	5.143310577632568	0.5	1154244
1	0.582834	237.11585645666966	5.155259732023007	0.5	1154244
1	0.583832	237.21961931950008	5.1670843331815695	0.5	1154244
1	0.58483	237.31758905852303	5.178438968252232	0.5	1154244
1	0.585828	237.4204889549775	5.190486647980369	0.5	1154244
1	0.586826	237.52367956710697	5.202771687720606	0.5	1154244
1	0.587824	237.62207920809516	5.214426612678324	0.5	1154244
1	0.588822	237.72132518504935	5.22620129400688	0.5	1154244
1	0.58982	237.82615222008593	5.237735477383487	0.5	1154244
1	0.590818	237.92602646850182	5.250370410114151	0.5	1154244
1	0.591816	238.02702804956374	5.262979698831352	0.5	1154244
1	0.592814	238.1241048503868	5.275422489630245	0.5	1154244
1	0.593812	238.23052144384704	5.2878987383605445	0.5	1154244
1	0.59481	238.32941499721565	5.300105279064051	0.5	1154244
1	0.595808	238.42359033776745	5.3124679936857495	0.5	1154244
1	0.596806	238.52975702919002	5.324552827270996	0.5	1154244
1	0.597804	238.63239847175024	5.336553028521421	0.5	1154244
1	0.598802	238.73714226913873	5.348866515169291	0.5	1154244
1	0.5998	238.83714607729956	5.361013439001704	0.5	1154244
1	0.6007979999999999	238.94093741073874	5.37377048632122	0.5	1154244
1	0.601796	239.04393537734452	5.386306527136251	0.5	1154244
1	0.6027939999999999	239.15102254636545	5.3985352501009265	0.5	1154244
1	0.603792	239.25297989042795	5.411627009100997	0.5	1154244
1	0.6047899999999999	239.35420038246517	5.4250913898319695	0.5	1154244
1	0.605788	239.45691783245468	5.438176352843099	0.5	1154244
1	0.6067859999999999	239.56018445482604	5.451103779432311	0.5	1154244
1	0.607784	239.6634686241219	5.463516038488937	0.5	1154244
1	0.6087819999999999	239.76047722556763	5.4762784321373035	0.5	1154244
1	0.60978	239.86464842701758	5.488364781278348	0.5	1154244
1	0.6107779999999999	239.9638352085895	5.501532691560917	0.5	1154244
1	0.611776	240.0627980661251	5.514443462814576	0.5	1154244
1	0.6127739999999999	240.16575167160255	5.527886900604897	0.5	1154244
1	0.613772	240.26726229880833	5.540925596542592	0.5	1154244
1	0.61477	240.37065604968038	5.553826202261194	0.5	1154244
1	0.615768	240.471922992243	5.5672327956058165	0.5	1154244
1	0.616766	240.56844756244905	5.580730213049258	0.5	1154244
1	0.617764	240.66979199933334	5.593356490157886	0.5	1154244
1	0.618762	240.7787311851404	5.606046175872456	0.5	1154244
1	0.61976	240.88312078260788	5.61977439010023	0.5	1154244
1	0.620758	240.98876317717523	5.63241040519599	0.5	1154244
1	0.621756	241.09007387736773	5.646055241501224	0.5	1154244
1	0.622754	241.19070827700673	5.659356947063025	0.5	1154244
1	0.623752	241.29504764777664	5.672572203997885	0.5	1154244
1	0.62475	241.3970379650505	5.685708601152021	0.5	1154244
1	0.625748	241.49499520463277	5.699061738028394	0.5	1154244
1	0.626746	241.60347024492444	5.712292599989217	0.5	1154244
1	0.627744	241.70433385373138	5.72601233331185	0.5	1154244
1	0.628742	241.8048876952444	5.739849615004133	0.5	1154244
1	0.62974	241.91191910066118	5.754266993463483	0.5	1154244
1	0.630738	242.01763910935918	5.767844019137106	0.5	1154244
1	0.631736	242.11701797644432	5.780811201057799	0.5	1154244
1	0.632734	242.21605894041315	5.79361853162001	0.5	1154244
1	0.633732	242.3218625135877	5.806782837115497	0.5	1154244
1	0.63473	242.42422793898467	5.819233988700195	0.5	1154244
1	0.635728	242.5273190259632	5.8320760802056215	0.5	1154244
1	0.636726	242.62251764174522	5.845459172486844	0.5	1154244
1	0.637724	242.72927862698756	5.858377797672037	0.5	1154244
1	0.638722	242.8324263250801	5.872725158016527	0.5	1154244
1	0.63972	242.94434376416132	5.886491295616197	0.5	1154244
1	0.640718	243.04485271891545	5.900278813966034	0.5	1154244
1	0.641716	243.1465865424203	5.914502727685781	0.5	1154244
1	0.642714	243.25268899195004	5.9285803719248475	0.5	1154244
1	0.643712	243.35002586551533	5.942547530829901	0.5	1154244
1	0.64471	243.4593411712725	5.956553224507296	0.5	1154244
1	0.645708	243.56160727223676	5.969815116773629	0.5	1154244
1	0.646706	243.66414063378994	5.984301132969848	0.5	1154244
1	0.647704	243.77114291708727	5.998633701515619	0.5	1154244
1	0.648702	243.87810678114622	6.012482679350897	0.5	1154244
1	0.6496999999999999	243.98569432016546	6.026790905655147	0.5	1154244
1	0.650698	244.08827707535994	6.04027282756537	0.5	1154244
1	0.6516959999999999	244.19288598835462	6.054837490776774	0.5	1154244
1	0.652694	244.3004729546962	6.068930156563547	0.5	1154244
1	0.6536919999999999	244.4086161280805	6.0834437560679335	0.5	1154244
1	0.65469	244.51102858221796	6.097876303965054	0.5	1154244
1	0.6556879999999999	244.61649017940763	6.112279430415915	0.5	1154244
1	0.656686	244.719195415735	6.126234354424905	0.5	1154244
1	0.6576839999999999	244.82653459225156	6.1407329604753835	0.5	1154244
1	0.658682	244.931473220285	6.154732483786005	0.5	1154244
1	0.6596799999999999	245.04135873637784	6.169280308044412	0.5	1154244
1	0.660678	245.1480680636994	6.1832332161615335	0.5	1154244
1	0.6616759999999999	245.2550799415366	6.197768458809295	0.5	1154244
1	0.662674	245.35698854070856	6.212271990670225	0.5	1154244
1	0.6636719999999999	245.46084734589763	6.2269833932963685	0.5	1154244
1	0.66467	245.5716709210872	6.2419589275635605	0.5	1154244
1	0.665668	245.6736867486607	6.257350680899363	0.5	1154244
1	0.666666	245.7744849353123	6.272907277764413	0.5	1154244
1	0.667664	245.88264392945243	6.286860523043655	0.5	1154244
1	0.668662	245.98540441639392	6.301201868360312	0.5	1154244
1	0.66966	246.08992167435798	6.315778617435992	0.5	1154244
1	0.670658	246.19411344696357	6.330116156474946	0.5	1154244
1	0.671656	246.30159382828737	6.344631850223757	0.5	1154244
1	0.672654	246.41204806560557	6.359489660026532	0.5	1154244
1	0.673652	246.51634847980066	6.373804667220718	0.5	1154244
1	0.67465	246.6237962854184	6.388647965601675	0.5	1154244
1	0.675648	246.74102736098746	6.4038423711402634	0.5	1154244
1	0.676646	246.84973563495743	6.418782020787339	0.5	1154244
1	0.677644	246.9641055993918	6.434569080838752	0.5	1154244
1	0.678642	247.07311201624032	6.449675172347633	0.5	1154244
1	0.67964	247.1850291411598	6.4649864598626365	0.5	1154244
1	0.680638	247.28444089651052	6.479881362748151	0.5	1154244
1	0.681636	247.39058889142967	6.495406389929147	0.5	1154244
1	0.682634	247.4988150986354	6.512070452867868	0.5	1154244
1	0.683632	247.60802129612725	6.527971127593382	0.5	1154244
1	0.68463	247.71433052615131	6.542880104414089	0.5	1154244
1	0.685628	247.82742241830277	6.559110098271694	0.5	1154244
1	0.686626	247.93322797371937	6.5749303082613615	0.5	1154244
1	0.687624	248.03430456032712	6.591328176811499	0.5	1154244
1	0.688622	248.13992106934379	6.606933259895631	0.5	1154244
1	0.68962	248.24820705867117	6.623256410734019	0.5	1154244
1	0.690618	248.36203211430757	6.639536044283562	0.5	1154244
1	0.691616	248.46523513446542	6.655580945173651	0.5	1154244
1	0.692614	248.57546671228658	6.672184851800324	0.5	1154244
1	0.693612	248.68465964898368	6.68812588445429	0.5	1154244
1	0.69461	248.79446374852384	6.703305445790182	0.5	1154244
1	0.695608	248.90436622110371	6.719199769903767	0.5	1154244
1	0.696606	249.0076180620991	6.735109976743995	0.5	1154244
1	0.697604	249.11962201675072	6.751052461212057	0.5	1154244
1	0.698602	249.23163081686835	6.767479143054032	0.5	1154244
1	0.6996	249.33970718811048	6.784425040106052	0.5	1154244
1	0.7005979999999999	249.45087826845347	6.801274399939888	0.5	1154244
1	0.701596	249.56078820754183	6.81724309739851	0.5	1154244
1	0.7025939999999999	249.67395037750137	6.834193260642436	0.5	1154244
1	0.703592	249.78888006306613	6.851062024253762	0.5	1154244
1	0.7045899999999999	249.89272124829492	6.868467621501444	0.5	1154244
1	0.705588	250.00024123966332	6.885315190538766	0.5	1154244
1	0.7065859999999999	250.10854084040147	6.900979869753406	0.5	1154244
1	0.707584	250.2255707840915	6.91718453932471	0.5	1154244
1	0.7085819999999999	250.3367009138634	6.933147976078248	0.5	1154244
1	0.70958	250.4421861370782	6.949972313330552	0.5	1154244
1	0.7105779999999999	250.55834296077745	6.96654958919705	0.5	1154244
1	0.711576	250.67355045010353	6.9838108499003555	0.5	1154244
1	0.7125739999999999	250.78067205507074	7.001293135641539	0.5	1154244
1	0.713572	250.89458899628406	7.0181158153660075	0.5	1154244
1	0.7145699999999999	251.0039673772055	7.035139717320281	0.5	1154244
1	0.715568	251.1231495949911	7.053419015338241	0.5	1154244
1	0.716566	251.2331744461693	7.070928782476184	0.5	1154244
1	0.717564	251.3449228477948	7.087680027854709	0.5	1154244
1	0.718562	251.45455023814162	7.104944843505192	0.5	1154244
1	0.71956	251.57164340400715	7.122402344006944	0.5	1154244
1	0.720558	251.68382720944282	7.139345761676636	0.5	1154244
1	0.721556	251.8009873023651	7.157673003057531	0.5	1154244
1	0.722554	251.9122353147783	7.176206980056655	0.5	1154244
1	0.723552	252.01982111769124	7.193882901869343	0.5	1154244
1	0.72455	252.13397573464346	7.212308139923471	0.5	1154244
1	0.725548	252.25357121127587	7.23009870524518	0.5	1154244
1	0.726546	252.37102831843754	7.247218947171463	0.5	1154244
1	0.727544	252.48314724619388	7.265870033472085	0.5	1154244
1	0.728542	252.59192136151722	7.284052151241268	0.5	1154244
1	0.72954	252.70937348400776	7.301699743465758	0.5	1154244
1	0.730538	252.82923189959874	7.319668603484224	0.5	1154244
1	0.731536	252.94331871029775	7.338240377608563	0.5	1154244
1	0.732534	253.05879948996238	7.35737450499503	0.5	1154244
1	0.733532	253.1773859456301	7.375296883268138	0.5	1154244
1	0.73453	253.29259238493427	7.393502919556635	0.5	1154244
1	0.735528	253.4016542192715	7.410644528070424	0.5	1154244
1	0.736526	253.51226957658008	7.42855956178536	0.5	1154244
1	0.737524	253.62804913385295	7.447339632809334	0.5	1154244
1	0.738522	253.74811380289748	7.465132180896023	0.5	1154244
1	0.73952	253.85727370267045	7.484391978394537	0.5	1154244
1	0.740518	253.97504636776492	7.502590873751499	0.5	1154244
1	0.741516	254.08686290776606	7.520961344023447	0.5	1154244
1	0.742514	254.20786603727038	7.539879853754227	0.5	1154244
1	0.743512	254.3260604012002	7.558912805138074	0.5	1154244
1	0.74451	254.44421795629393	7.5782358014866364	0.5	1154244
1	0.745508	254.55736968096986	7.5974478879415255	0.5	1154244
1	0.746506	254.67450720934002	7.616261285856127	0.5	1154244
1	0.747504	254.78627945113288	7.634845748984634	0.5	1154244
1	0.748502	254.89910335829396	7.6544208778747445	0.5	1154244
1	0.7494999999999999	255.0216669988116	7.673522346413628	0.5	1154244
1	0.750498	255.13832095013035	7.692632241291581	0.5	1154244
1	0.7514959999999999	255.25786321367937	7.713238677506334	0.5	1154244
1	0.752494	255.38353600527205	7.7324930165509675	0.5	1154244
1	0.7534919999999999	255.50416050065922	7.7526907366072795	0.5	1154244
1	0.75449	255.6225542757547	7.77203346044644	0.5	1154244
1	0.7554879999999999	255.7401055158069	7.791800958897161	0.5	1154244
1	0.756486	255.86118305806028	7.8113956475521205	0.5	1154244
1	0.7574839999999999	255.98848294180289	7.8316744472682265	0.5	1154244
1	0.758482	256.1059526169971	7.851768345280871	0.5	1154244
1	0.7594799999999999	256.2259235841676	7.871486826177833	0.5	1154244
1	0.760478	256.34843094373866	7.893816452468648	0.5	1154244
1	0.7614759999999999	256.4643206902541	7.915118911220622	0.5	1154244
1	0.762474	256.5835279966001	7.935319438753478	0.5	1154244
1	0.7634719999999999	256.70815183689723	7.9569236489649535	0.5	1154244
1	0.76447	256.8256739190442	7.978251418846405	0.5	1154244
1	0.7654679999999999	256.9475852831366	7.999712983414416	0.5	1154244
1	0.766466	257.0736146439147	8.021133510593634	0.5	1154244
1	0.767464	257.1971506883446	8.042357142237831	0.5	1154244
1	0.768462	257.3238778954908	8.064487574272318	0.5	1154244
1	0.76946	257.44397177217974	8.085295579011493	0.5	1154244
1	0.770458	257.5681423682722	8.10706012605841	0.5	1154244
1	0.771456	257.7011442102608	8.12855536848818	0.5	1154244
1	0.772454	257.82162903919215	8.150672406439725	0.5	1154244
1	0.773452	257.9423200140654	8.172266183847139	0.5	1154244
1	0.77445	258.0644823067319	8.194731066638987	0.5	1154244
1	0.775448	258.1907158247591	8.216451160998753	0.5	1154244
1	0.776446	258.3124362238489	8.23974033425492	0.5	1154244
1	0.777444	258.44282973389335	8.262371109180169	0.5	1154244
1	0.778442	258.5678481558801	8.284548631932674	0.5	1154244
1	0.77944	258.6957009814535	8.306518078326361	0.5	1154244
1	0.780438	258.82224557419715	8.329611427193273	0.5	1154244
1	0.781436	258.9536127409307	8.35147696559037	0.5	1154244
1	0.782434	259.07790266349565	8.373649896454216	0.5	1154244
1	0.783432	259.2108380187531	8.396044281372435	0.5	1154244
1	0.78443	259.34285559658997	8.418241767760072	0.5	1154244
1	0.785428	259.47448635781313	8.441020256198593	0.5	1154244
1	0.786426	259.605272802895	8.463890271910449	0.5	1154244
1	0.787424	259.73043871208984	8.486225382643209	0.5	1154244
1	0.788422	259.8581206955201	8.510891084197395	0.5	1154244
1	0.78942	259.98379480366447	8.534896777352063	0.5	1154244
1	0.790418	260.11093903145195	8.558785672325568	0.5	1154244
1	0.791416	260.248273933117	8.582297849169517	0.5	1154244
1	0.792414	260.37232776018783	8.605291711142712	0.5	1154244
1	0.793412	260.50023179126026	8.628797250271363	0.5	1154244
1	0.79441	260.6273620877208	8.653773388548164	0.5	1154244
1	0.795408	260.7518773125489	8.678365013678329	0.5	1154244
1	0.796406	260.888670092299	8.702879669995236	0.5	1154244
1	0.797404	261.0185404962091	8.727507691927835	0.5	1154244
1	0.798402	261.1493727680688	8.754407647912869	0.5	1154244
1	0.7994	261.2853043150994	8.778788123988067	0.5	1154244
1	0.8003979999999999	261.4212606825786	8.802764409832893	0.5	1154244
1	0.801396	261.5596070056354	8.828128910815218	0.5	1154244
1	0.8023939999999999	261.6842562287712	8.854088790475185	0.5	1154244
1	0.803392	261.814820477044	8.879555332485918	0.5	1154244
1	0.8043899999999999	261.9476702708809	8.903823597194869	0.5	1154244
1	0.805388	262.08374179186103	8.930706299799253	0.5	1154244
1	0.8063859999999999	262.21974290181515	8.955983765591103	0.5	1154244
1	0.807384	262.3453711756381	8.980725905805297	0.5	1154244
1	0.8083819999999999	262.47732113734617	9.006037591569173	0.5	1154244
1	0.80938	262.60130923268144	9.031461502098095	0.5	1154244
1	0.8103779999999999	262.7395232097941	9.05896370096566	0.5	1154244
1	0.811376	262.8714701667716	9.085321609287895	0.5	1154244
1	0.8123739999999999	263.0120348947167	9.111540982363213	0.5	1154244
1	0.813372	263.1508353630705	9.139797136422159	0.5	1154244
1	0.8143699999999999	263.2790436893959	9.165903532735141	0.5	1154244
1	0.815368	263.41630586926675	9.19299413943171	0.5	1154244
1	0.8163659999999999	263.54720859764615	9.220532729909163	0.5	1154244
1	0.817364	263.6859741616786	9.248132536953582	0.5	1154244
1	0.8183619999999999	263.8308179022459	9.274878035562933	0.5	1154244
1	0.81936	263.96070032971613	9.301550784812683	0.5	1154244
1	0.820358	264.1011118002361	9.329187118589058	0.5	1154244
1	0.821356	264.2439608135388	9.35660369226308	0.5	1154244
1	0.822354	264.38219908348424	9.384008235246235	0.5	1154244
1	0.823352	264.52194704376086	9.412058070770437	0.5	1154244
1	0.82435	264.6632690295767	9.44105503098787	0.5	1154244
1	0.825348	264.8024557658383	9.469000561249693	0.5	1154244
1	0.826346	264.9392692319645	9.498706132848882	0.5	1154244
1	0.827344	265.077077988095	9.528186896846485	0.5	1154244
1	0.828342	265.21450914034915	9.55713013440225	0.5	1154244
1	0.82934	265.3556815723857	9.586241702556999	0.5	1154244
1	0.830338	265.50100061384114	9.615195620659382	0.5	1154244
1	0.831336	265.6509248653669	9.645686678683424	0.5	1154244
1	0.832334	265.7869885177222	9.676239247427143	0.5	1154244
1	0.833332	265.93331497595335	9.706313269175995	0.5	1154244
1	0.83433	266.0752444951505	9.738791389704085	0.5	1154244
1	0.835328	266.21986575079944	9.76948853854031	0.5	1154244
1	0.836326	266.3632351494889	9.801572840152398	0.5	1154244
1	0.837324	266.5134183650981	9.832616040141248	0.5	1154244
1	0.838322	266.66092576511545	9.863945665420628	0.5	1154244
1	0.83932	266.8023560128577	9.894650918691381	0.5	1154244
1	0.840318	266.9528993749644	9.926340104982804	0.5	1154244
1	0.841316	267.1050472781069	9.957287708927396	0.5	1154244
1	0.842314	267.2626010070608	9.989888084000858	0.5	1154244
1	0.843312	267.42097381963555	10.021593227607271	0.5	1154244
1	0.84431	267.5732382198066	10.054457274084962	0.5	1154244
1	0.845308	267.7251465951331	10.088627533195126	0.5	1154244
1	0.846306	267.87727943946396	10.12163125499627	0.5	1154244
1	0.847304	268.03049259297006	10.153469784210108	0.5	1154244
1	0.848302	268.1866691913149	10.189392322580922	0.5	1154244
1	0.8492999999999999	268.33749520682704	10.225390275819246	0.5	1154244
1	0.850298	268.4881250095407	10.260681047579068	0.5	1154244
1	0.8512959999999999	268.6374164485989	10.295657067030712	0.5	1154244
1	0.852294	268.78858090657866	10.32991453329753	0.5	1154244
1	0.8532919999999999	268.94618637258844	10.365539196997227	0.5	1154244
1	0.85429	269.1047740690398	10.401399858691713	0.5	1154244
1	0.8552879999999999	269.259612607183	10.437026754770121	0.5	1154244
1	0.856286	269.41730563538425	10.472761686161615	0.5	1154244
1	0.8572839999999999	269.5778816308901	10.510423290590373	0.5	1154244
1	0.858282	269.736439800068	10.548083750011612	0.5	1154244
1	0.8592799999999999	269.9093745986967	10.583023709210513	0.5	1154244
1	0.860278	270.0660984054137	10.620001502428426	0.5	1154244
1	0.8612759999999999	270.24106301335905	10.659149045199834	0.5	1154244
1	0.862274	270.4124523349732	10.695856624894402	0.5	1154244
1	0.8632719999999999	270.5784077536698	10.733256737372594	0.5	1154244
1	0.86427	270.732693948205	10.770520189815684	0.5	1154244
1	0.8652679999999999	270.8973389723007	10.808072914523061	0.5	1154244
1	0.866266	271.0727157788828	10.847824672493227	0.5	1154244
1	0.8672639999999999	271.247502174613	10.888150526809953	0.5	1154244
1	0.868262	271.4185243456882	10.926143584461858	0.5	1154244
1	0.8692599999999999	271.59049623436965	10.967574850279817	0.5	1154244
1	0.870258	271.7612581813192	11.006534923834733	0.5	1154244
1	0.871256	271.9262105049005	11.046866466828025	0.5	1154244
1	0.872254	272.09157618005963	11.08805482166591	0.5	1154244
1	0.873252	272.2569607470609	11.128821558067816	0.5	1154244
1	0.87425	272.42652469066644	11.169376542654959	0.5	1154244
1	0.875248	272.60158313408976	11.212201714608259	0.5	1154244
1	0.876246	272.7818131701469	11.254192772494635	0.5	1154244
1	0.877244	272.9525728022537	11.29959478956083	0.5	1154244
1	0.878242	273.12802730080267	11.341392009242576	0.5	1154244
1	0.87924	273.3026071837248	11.387263217025982	0.5	1154244
1	0.880238	273.47896322379836	11.432308204639178	0.5	1154244
1	0.881236	273.6561965321815	11.478710804254709	0.5	1154244
1	0.882234	273.8311444267371	11.524387601778805	0.5	1154244
1	0.883232	274.0178659035838	11.568861381003352	0.5	1154244
1	0.88423	274.20629468300893	11.613139035559051	0.5	1154244
1	0.885228	274.3979753149176	11.660384732698999	0.5	1154244
1	0.886226	274.5784932141377	11.706738334504372	0.5	1154244
1	0.887224	274.75836627176835	11.753800952935624	0.5	1154244
1	0.888222	274.9471888358071	11.803393695297546	0.5	1154244
1	0.88922	275.1404961861024	11.85044206762621	0.5	1154244
1	0.890218	275.32387275587706	11.900610446543354	0.5	1154244
1	0.891216	275.5082358030352	11.950220987768212	0.5	1154244
1	0.892214	275.7039596348541	12.000761255470591	0.5	1154244
1	0.893212	275.90521912962646	12.052339389826091	0.5	1154244
1	0.89421	276.09769760596623	12.102381344678918	0.5	1154244
1	0.895208	276.29454006254485	12.154001853938782	0.5	1154244
1	0.896206	276.48898507831075	12.207274401628641	0.5	1154244
1	0.897204	276.67943987819814	12.26111622943887	0.5	1154244
1	0.898202	276.8808794973561	12.315491254261248	0.5	1154244
1	0.8992	277.07444551536287	12.371093544349772	0.5	1154244
1	0.9001979999999999	277.26945995459687	12.427705543963564	0.5	1154244
1	0.901196	277.476581938508	12.48366931724079	0.5	1154244
1	0.9021939999999999	277.676678781436	12.539993925094384	0.5	1154244
1	0.903192	277.8877643111556	12.59673119120927	0.5	1154244
1	0.9041899999999999	278.0975440645373	12.656229347378536	0.5	1154244
1	0.905188	278.30579039718094	12.713140279856988	0.5	1154244
1	0.9061859999999999	278.5270481181601	12.770744310269855	0.5	1154244
1	0.907184	278.7413506427849	12.829221684079828	0.5	1154244
1	0.9081819999999999	278.9509628111053	12.889222974843243	0.5	1154244
1	0.90918	279.1725165370852	12.948439810943801	0.5	1154244
1	0.9101779999999999	279.4017413032291	13.00939388304763	0.5	1154244
1	0.911176	279.62464731985233	13.069589704048752	0.5	1154244
1	0.9121739999999999	279.840835103316	13.13149307417747	0.5	1154244
1	0.913172	280.07439094167756	13.194444236270485	0.5	1154244
1	0.9141699999999999	280.31857600762197	13.26574467675046	0.5	1154244
1	0.915168	280.5464799803119	13.329778392100183	0.5	1154244
1	0.9161659999999999	280.7914168827112	13.39721284195249	0.5	1154244
1	0.917164	281.01391045911106	13.46320108599348	0.5	1154244
1	0.9181619999999999	281.2397541734759	13.533719646929102	0.5	1154244
1	0.91916	281.4833183240363	13.601273816104873	0.5	1154244
1	0.9201579999999999	281.7076435563796	13.672811288556428	0.5	1154244
1	0.921156	281.94941799570006	13.744513120554732	0.5	1154244
1	0.922154	282.1934981498407	13.817367910116785	0.5	1154244
1	0.923152	282.44065091750645	13.891955383568614	0.5	1154244
1	0.92415	282.6823635379001	13.969455391967037	0.5	1154244
1	0.925148	282.92962256466717	14.0455920789671	0.5	1154244
1	0.926146	283.19463051267456	14.12934282408252	0.5	1154244
1	0.927144	283.4432843177176	14.209445531660487	0.5	1154244
1	0.928142	283.7081775264026	14.290541330685448	0.5	1154244
1	0.92914	283.9619619455876	14.371552464434773	0.5	1154244
1	0.930138	284.2247507068174	14.449986448275864	0.5	1154244
1	0.931136	284.483279932266	14.536098817959802	0.5	1154244
1	0.932134	284.76043724849455	14.622462351151142	0.5	1154244
1	0.933132	285.02150485072536	14.707221003020184	0.5	1154244
1	0.93413	285.3007503447983	14.797024461225206	0.5	1154244
1	0.935128	285.56931104917294	14.888283987586341	0.5	1154244
1	0.936126	285.8526699469756	14.98110469408158	0.5	1154244
1	0.937124	286.14572725064556	15.078762364521179	0.5	1154244
1	0.938122	286.4275766579734	15.179555044124951	0.5	1154244
1	0.93912	286.7197821736505	15.27820897288834	0.5	1154244
1	0.940118	287.0114947852336	15.371130404494934	0.5	1154244
1	0.941116	287.30974351631704	15.473471459882346	0.5	1154244
1	0.942114	287.62378641570734	15.576165819902547	0.5	1154244
1	0.943112	287.93537276881034	15.680650128900258	0.5	1154244
1	0.94411	288.25087983285334	15.79027441787986	0.5	1154244
1	0.945108	288.5512456291771	15.895207949182547	0.5	1154244
1	0.946106	288.8722960413628	16.00978569084697	0.5	1154244
1	0.947104	289.1990388718161	16.123459321636982	0.5	1154244
1	0.948102	289.51488467749044	16.239817871395534	0.5	1154244
1	0.9490999999999999	289.83773296317133	16.360453273867105	0.5	1154244
1	0.950098	290.1610222390915	16.491227739852363	0.5	1154244
1	0.9510959999999999	290.50365270455484	16.619314191521532	0.5	1154244
1	0.952094	290.8739643243697	16.74932956746614	0.5	1154244
1	0.9530919999999999	291.2306382466674	16.880482361834936	0.5	1154244
1	0.95409	291.5907531245815	17.011950883523504	0.5	1154244
1	0.9550879999999999	291.96020565823	17.148793258881366	0.5	1154244
1	0.956086	292.33432460535033	17.296884826890707	0.5	1154244
1	0.9570839999999999	292.6986479030679	17.441972248581262	0.5	1154244
1	0.958082	293.0950945341101	17.593944609496535	0.5	1154244
1	0.9590799999999999	293.49994066346386	17.744026993883445	0.5	1154244
1	0.960078	293.9011704564905	17.91726469524869	0.5	1154244
1	0.9610759999999999	294.3084547669459	18.080040564305673	0.5	1154244
1	0.962074	294.7358245342354	18.257552038672664	0.5	1154244
1	0.9630719999999999	295.18217022508395	18.420679711430818	0.5	1154244
1	0.96407	295.6029422877864	18.5917713254801	0.5	1154244
1	0.9650679999999999	296.0622975092373	18.779059970476425	0.5	1154244
1	0.966066	296.50192664545597	18.970524608600304	0.5	1154244
1	0.9670639999999999	296.9768133942814	19.16759119417421	0.5	1154244
1	0.968062	297.46399819848915	19.365840515982818	0.5	1154244
1	0.9690599999999999	297.972071885781	19.57701082544376	0.5	1154244
1	0.970058	298.48923241822644	19.79006715211095	0.5	1154244
1	0.9710559999999999	299.0048887269646	20.014562391061755	0.5	1154244
1	0.972054	299.58187507141645	20.24695002717178	0.5	1154244
1	0.973052	300.1229127003653	20.487669895215678	0.5	1154244
1	0.97405	300.6833345658393	20.730625402199546	0.5	1154244
1	0.975048	301.3082540519142	20.998650854457388	0.5	1154244
1	0.976046	301.95320606397604	21.26931185646022	0.5	1154244
1	0.977044	302.61523093377025	21.564992835144	0.5	1154244
1	0.978042	303.28119865671806	21.86313581715792	0.5	1154244
1	0.97904	303.9743162389113	22.191017853813495	0.5	1154244
1	0.980038	304.69868088165515	22.538603264474954	0.5	1154244
1	0.981036	305.43918934129135	22.88739202399287	0.5	1154244
1	0.982034	306.24249985831443	23.291832875798434	0.5	1154244
1	0.983032	307.08806481654847	23.711186927981693	0.5	1154244
1	0.98403	308.0412529124768	24.152752238954992	0.5	1154244
1	0.985028	308.9667841127844	24.633568442973903	0.5	1154244
1	0.986026	309.9690916034048	25.14446324048622	0.5	1154244
1	0.987024	311.08754010693843	25.708909439073135	0.5	1154244
1	0.988022	312.351426204823	26.33800337694549	0.5	1154244
1	0.98902	313.6648620937082	27.044929597330217	0.5	1154244
1	0.990018	315.17934159548935	27.871943295189894	0.5	1154244
1	0.991016	316.7889504461748	28.83606190240705	0.5	1154244
1	0.992014	318.5039761234555	29.946216032558514	0.5	1154244
1	0.993012	320.5247184955553	31.328926192182198	0.5	1154244
1	0.99401	323.01168295940636	32.8978666972687	0.5	1154244
1	0.995008	325.8258316049709	34.922529413614186	0.5	1154244
1	0.996006	329.31923640957945	37.70190212776185	0.5	1154244
1	0.997004	333.9402433507755	42.037649629909666	0.5	1154244
1	0.998002	340.3878673252271	50.27573942453998	0.5	1154244
1	0.999	351.84417043598415	72.6206452454243	0.5	1154244
