state	start_probability
0	0.17794607440953294
1	0.13759902674022675
2	0.12694264743957084
3	0.1589733020839669
4	0.04555722485875625
5	0.17739213322522646
6	0.17558959124271986
